ID,Item,name,duration,log_duration,c_logduration,level ,proficiency,pho_len,c_pho_len,logdice,c_logdice,zpf_total,c_zpf_total,zpf_w1,c_zpf_w1,zpf_w2,c_zpf_w2
1,1,TW101,1.223 ,0.087 ,-0.036 ,3.000 ,Intermediate,9.000 ,-1.250 ,5.700 ,-0.738 ,2.519 ,-0.396 ,4.516 ,-0.489 ,5.595 ,0.075 
2,1,TW102,1.163 ,0.066 ,-0.057 ,2.000 ,Basic,9.000 ,-1.250 ,5.700 ,-0.738 ,2.519 ,-0.396 ,4.516 ,-0.489 ,5.595 ,0.075 
3,1,TW103,1.050 ,0.021 ,-0.102 ,3.000 ,Intermediate,9.000 ,-1.250 ,5.700 ,-0.738 ,2.519 ,-0.396 ,4.516 ,-0.489 ,5.595 ,0.075 
4,1,TW104,1.032 ,0.014 ,-0.109 ,3.000 ,Intermediate,9.000 ,-1.250 ,5.700 ,-0.738 ,2.519 ,-0.396 ,4.516 ,-0.489 ,5.595 ,0.075 
5,1,TW105,0.912 ,-0.040 ,-0.163 ,4.000 ,Intermediate,9.000 ,-1.250 ,5.700 ,-0.738 ,2.519 ,-0.396 ,4.516 ,-0.489 ,5.595 ,0.075 
6,1,TW106,1.361 ,0.134 ,0.011 ,3.000 ,Intermediate,9.000 ,-1.250 ,5.700 ,-0.738 ,2.519 ,-0.396 ,4.516 ,-0.489 ,5.595 ,0.075 
7,1,TW107,1.342 ,0.128 ,0.005 ,3.000 ,Intermediate,9.000 ,-1.250 ,5.700 ,-0.738 ,2.519 ,-0.396 ,4.516 ,-0.489 ,5.595 ,0.075 
8,1,TW108,2.032 ,0.308 ,0.185 ,3.000 ,Intermediate,9.000 ,-1.250 ,5.700 ,-0.738 ,2.519 ,-0.396 ,4.516 ,-0.489 ,5.595 ,0.075 
9,1,TW109,1.919 ,0.283 ,0.160 ,2.000 ,Basic,9.000 ,-1.250 ,5.700 ,-0.738 ,2.519 ,-0.396 ,4.516 ,-0.489 ,5.595 ,0.075 
10,1,TW110,1.237 ,0.092 ,-0.031 ,3.000 ,Intermediate,9.000 ,-1.250 ,5.700 ,-0.738 ,2.519 ,-0.396 ,4.516 ,-0.489 ,5.595 ,0.075 
11,1,TW111,1.650 ,0.217 ,0.094 ,3.000 ,Intermediate,9.000 ,-1.250 ,5.700 ,-0.738 ,2.519 ,-0.396 ,4.516 ,-0.489 ,5.595 ,0.075 
12,1,TW113,1.832 ,0.263 ,0.140 ,3.000 ,Intermediate,9.000 ,-1.250 ,5.700 ,-0.738 ,2.519 ,-0.396 ,4.516 ,-0.489 ,5.595 ,0.075 
13,1,TW114,1.270 ,0.104 ,-0.019 ,4.000 ,Intermediate,9.000 ,-1.250 ,5.700 ,-0.738 ,2.519 ,-0.396 ,4.516 ,-0.489 ,5.595 ,0.075 
14,1,TW115,1.660 ,0.220 ,0.097 ,2.000 ,Basic,9.000 ,-1.250 ,5.700 ,-0.738 ,2.519 ,-0.396 ,4.516 ,-0.489 ,5.595 ,0.075 
15,1,TW116,1.233 ,0.091 ,-0.032 ,4.000 ,Intermediate,9.000 ,-1.250 ,5.700 ,-0.738 ,2.519 ,-0.396 ,4.516 ,-0.489 ,5.595 ,0.075 
16,1,TW117,NA,NA,NA,3.000 ,Intermediate,9.000 ,-1.250 ,5.700 ,-0.738 ,2.519 ,-0.396 ,4.516 ,-0.489 ,5.595 ,0.075 
17,1,TW118,2.700 ,0.431 ,0.308 ,2.000 ,Basic,9.000 ,-1.250 ,5.700 ,-0.738 ,2.519 ,-0.396 ,4.516 ,-0.489 ,5.595 ,0.075 
18,1,TW119,1.144 ,0.058 ,-0.065 ,4.000 ,Intermediate,9.000 ,-1.250 ,5.700 ,-0.738 ,2.519 ,-0.396 ,4.516 ,-0.489 ,5.595 ,0.075 
19,1,TW120,2.596 ,0.414 ,0.291 ,2.000 ,Basic,9.000 ,-1.250 ,5.700 ,-0.738 ,2.519 ,-0.396 ,4.516 ,-0.489 ,5.595 ,0.075 
20,1,TW121,1.209 ,0.082 ,-0.041 ,3.000 ,Intermediate,9.000 ,-1.250 ,5.700 ,-0.738 ,2.519 ,-0.396 ,4.516 ,-0.489 ,5.595 ,0.075 
21,1,TW122,1.621 ,0.210 ,0.087 ,2.000 ,Basic,9.000 ,-1.250 ,5.700 ,-0.738 ,2.519 ,-0.396 ,4.516 ,-0.489 ,5.595 ,0.075 
22,1,TW123,0.999 ,0.000 ,-0.123 ,3.000 ,Intermediate,9.000 ,-1.250 ,5.700 ,-0.738 ,2.519 ,-0.396 ,4.516 ,-0.489 ,5.595 ,0.075 
23,1,TW124,1.203 ,0.080 ,-0.043 ,3.000 ,Intermediate,9.000 ,-1.250 ,5.700 ,-0.738 ,2.519 ,-0.396 ,4.516 ,-0.489 ,5.595 ,0.075 
24,1,TW125,1.024 ,0.010 ,-0.113 ,3.000 ,Intermediate,9.000 ,-1.250 ,5.700 ,-0.738 ,2.519 ,-0.396 ,4.516 ,-0.489 ,5.595 ,0.075 
25,1,TW126,1.711 ,0.233 ,0.110 ,3.000 ,Intermediate,9.000 ,-1.250 ,5.700 ,-0.738 ,2.519 ,-0.396 ,4.516 ,-0.489 ,5.595 ,0.075 
26,1,TW127,1.303 ,0.115 ,-0.008 ,3.000 ,Intermediate,9.000 ,-1.250 ,5.700 ,-0.738 ,2.519 ,-0.396 ,4.516 ,-0.489 ,5.595 ,0.075 
27,1,TW128,1.177 ,0.071 ,-0.052 ,3.000 ,Intermediate,9.000 ,-1.250 ,5.700 ,-0.738 ,2.519 ,-0.396 ,4.516 ,-0.489 ,5.595 ,0.075 
28,1,TW129,1.149 ,0.060 ,-0.063 ,2.000 ,Basic,9.000 ,-1.250 ,5.700 ,-0.738 ,2.519 ,-0.396 ,4.516 ,-0.489 ,5.595 ,0.075 
29,1,TW130,1.157 ,0.063 ,-0.060 ,4.000 ,Intermediate,9.000 ,-1.250 ,5.700 ,-0.738 ,2.519 ,-0.396 ,4.516 ,-0.489 ,5.595 ,0.075 
30,1,TW131,1.006 ,0.003 ,-0.120 ,4.000 ,Intermediate,9.000 ,-1.250 ,5.700 ,-0.738 ,2.519 ,-0.396 ,4.516 ,-0.489 ,5.595 ,0.075 
31,1,TW132,1.463 ,0.165 ,0.042 ,3.000 ,Intermediate,9.000 ,-1.250 ,5.700 ,-0.738 ,2.519 ,-0.396 ,4.516 ,-0.489 ,5.595 ,0.075 
32,1,TW133,1.175 ,0.070 ,-0.053 ,4.000 ,Intermediate,9.000 ,-1.250 ,5.700 ,-0.738 ,2.519 ,-0.396 ,4.516 ,-0.489 ,5.595 ,0.075 
33,1,TW134,1.722 ,0.236 ,0.113 ,2.000 ,Basic,9.000 ,-1.250 ,5.700 ,-0.738 ,2.519 ,-0.396 ,4.516 ,-0.489 ,5.595 ,0.075 
34,1,TW135,1.225 ,0.088 ,-0.035 ,3.000 ,Intermediate,9.000 ,-1.250 ,5.700 ,-0.738 ,2.519 ,-0.396 ,4.516 ,-0.489 ,5.595 ,0.075 
35,1,TW136,1.256 ,0.099 ,-0.024 ,4.000 ,Intermediate,9.000 ,-1.250 ,5.700 ,-0.738 ,2.519 ,-0.396 ,4.516 ,-0.489 ,5.595 ,0.075 
36,1,TW137,1.289 ,0.110 ,-0.013 ,3.000 ,Intermediate,9.000 ,-1.250 ,5.700 ,-0.738 ,2.519 ,-0.396 ,4.516 ,-0.489 ,5.595 ,0.075 
37,1,TW138,1.838 ,0.264 ,0.141 ,2.000 ,Basic,9.000 ,-1.250 ,5.700 ,-0.738 ,2.519 ,-0.396 ,4.516 ,-0.489 ,5.595 ,0.075 
38,1,TW139,1.832 ,0.263 ,0.140 ,1.000 ,Basic,9.000 ,-1.250 ,5.700 ,-0.738 ,2.519 ,-0.396 ,4.516 ,-0.489 ,5.595 ,0.075 
39,1,TW140,0.961 ,-0.017 ,-0.140 ,3.000 ,Intermediate,9.000 ,-1.250 ,5.700 ,-0.738 ,2.519 ,-0.396 ,4.516 ,-0.489 ,5.595 ,0.075 
40,1,TW141,0.834 ,-0.079 ,-0.202 ,4.000 ,Intermediate,9.000 ,-1.250 ,5.700 ,-0.738 ,2.519 ,-0.396 ,4.516 ,-0.489 ,5.595 ,0.075 
41,1,TW142,1.132 ,0.054 ,-0.069 ,3.000 ,Intermediate,9.000 ,-1.250 ,5.700 ,-0.738 ,2.519 ,-0.396 ,4.516 ,-0.489 ,5.595 ,0.075 
42,1,TW143,NA,NA,NA,3.000 ,Intermediate,9.000 ,-1.250 ,5.700 ,-0.738 ,2.519 ,-0.396 ,4.516 ,-0.489 ,5.595 ,0.075 
43,1,TW144,1.211 ,0.083 ,-0.040 ,4.000 ,Intermediate,9.000 ,-1.250 ,5.700 ,-0.738 ,2.519 ,-0.396 ,4.516 ,-0.489 ,5.595 ,0.075 
44,1,TW145,1.754 ,0.244 ,0.121 ,1.000 ,Basic,9.000 ,-1.250 ,5.700 ,-0.738 ,2.519 ,-0.396 ,4.516 ,-0.489 ,5.595 ,0.075 
45,1,TW146,NA,NA,NA,2.000 ,Basic,9.000 ,-1.250 ,5.700 ,-0.738 ,2.519 ,-0.396 ,4.516 ,-0.489 ,5.595 ,0.075 
46,1,TW147,1.046 ,0.020 ,-0.103 ,3.000 ,Intermediate,9.000 ,-1.250 ,5.700 ,-0.738 ,2.519 ,-0.396 ,4.516 ,-0.489 ,5.595 ,0.075 
47,1,TW148,1.268 ,0.103 ,-0.020 ,3.000 ,Intermediate,9.000 ,-1.250 ,5.700 ,-0.738 ,2.519 ,-0.396 ,4.516 ,-0.489 ,5.595 ,0.075 
48,1,TW149,1.053 ,0.022 ,-0.101 ,4.000 ,Intermediate,9.000 ,-1.250 ,5.700 ,-0.738 ,2.519 ,-0.396 ,4.516 ,-0.489 ,5.595 ,0.075 
49,1,TW150,1.484 ,0.171 ,0.048 ,3.000 ,Intermediate,9.000 ,-1.250 ,5.700 ,-0.738 ,2.519 ,-0.396 ,4.516 ,-0.489 ,5.595 ,0.075 
50,1,TW151,1.409 ,0.149 ,0.026 ,3.000 ,Intermediate,9.000 ,-1.250 ,5.700 ,-0.738 ,2.519 ,-0.396 ,4.516 ,-0.489 ,5.595 ,0.075 
51,1,TW152,NA,NA,NA,1.000 ,Basic,9.000 ,-1.250 ,5.700 ,-0.738 ,2.519 ,-0.396 ,4.516 ,-0.489 ,5.595 ,0.075 
52,1,TW153,1.207 ,0.082 ,-0.041 ,3.000 ,Intermediate,9.000 ,-1.250 ,5.700 ,-0.738 ,2.519 ,-0.396 ,4.516 ,-0.489 ,5.595 ,0.075 
53,1,TW154,1.166 ,0.067 ,-0.056 ,2.000 ,Basic,9.000 ,-1.250 ,5.700 ,-0.738 ,2.519 ,-0.396 ,4.516 ,-0.489 ,5.595 ,0.075 
54,1,TW155,1.753 ,0.244 ,0.121 ,3.000 ,Intermediate,9.000 ,-1.250 ,5.700 ,-0.738 ,2.519 ,-0.396 ,4.516 ,-0.489 ,5.595 ,0.075 
55,1,TW156,1.032 ,0.014 ,-0.109 ,4.000 ,Intermediate,9.000 ,-1.250 ,5.700 ,-0.738 ,2.519 ,-0.396 ,4.516 ,-0.489 ,5.595 ,0.075 
56,1,TW157,1.733 ,0.239 ,0.116 ,3.000 ,Intermediate,9.000 ,-1.250 ,5.700 ,-0.738 ,2.519 ,-0.396 ,4.516 ,-0.489 ,5.595 ,0.075 
57,1,TW158,1.161 ,0.065 ,-0.058 ,4.000 ,Intermediate,9.000 ,-1.250 ,5.700 ,-0.738 ,2.519 ,-0.396 ,4.516 ,-0.489 ,5.595 ,0.075 
58,1,TW159,0.633 ,-0.199 ,-0.322 ,4.000 ,Intermediate,9.000 ,-1.250 ,5.700 ,-0.738 ,2.519 ,-0.396 ,4.516 ,-0.489 ,5.595 ,0.075 
59,1,TW160,1.130 ,0.053 ,-0.070 ,2.000 ,Basic,9.000 ,-1.250 ,5.700 ,-0.738 ,2.519 ,-0.396 ,4.516 ,-0.489 ,5.595 ,0.075 
60,1,TW161,1.193 ,0.077 ,-0.046 ,3.000 ,Intermediate,9.000 ,-1.250 ,5.700 ,-0.738 ,2.519 ,-0.396 ,4.516 ,-0.489 ,5.595 ,0.075 
61,1,TW162,1.124 ,0.051 ,-0.072 ,2.000 ,Basic,9.000 ,-1.250 ,5.700 ,-0.738 ,2.519 ,-0.396 ,4.516 ,-0.489 ,5.595 ,0.075 
62,1,TW163,1.261 ,0.101 ,-0.022 ,3.000 ,Intermediate,9.000 ,-1.250 ,5.700 ,-0.738 ,2.519 ,-0.396 ,4.516 ,-0.489 ,5.595 ,0.075 
63,1,TW164,2.066 ,0.315 ,0.192 ,1.000 ,Basic,9.000 ,-1.250 ,5.700 ,-0.738 ,2.519 ,-0.396 ,4.516 ,-0.489 ,5.595 ,0.075 
64,1,TW165,1.750 ,0.243 ,0.120 ,1.000 ,Basic,9.000 ,-1.250 ,5.700 ,-0.738 ,2.519 ,-0.396 ,4.516 ,-0.489 ,5.595 ,0.075 
65,1,TW166,1.103 ,0.043 ,-0.080 ,2.000 ,Basic,9.000 ,-1.250 ,5.700 ,-0.738 ,2.519 ,-0.396 ,4.516 ,-0.489 ,5.595 ,0.075 
66,2,TW101,1.248 ,0.096 ,-0.027 ,3.000 ,Intermediate,10.000 ,-0.250 ,5.400 ,-1.038 ,2.477 ,-0.438 ,4.645 ,-0.360 ,5.655 ,0.135 
67,2,TW102,1.048 ,0.020 ,-0.103 ,2.000 ,Basic,10.000 ,-0.250 ,5.400 ,-1.038 ,2.477 ,-0.438 ,4.645 ,-0.360 ,5.655 ,0.135 
68,2,TW103,1.022 ,0.009 ,-0.114 ,3.000 ,Intermediate,10.000 ,-0.250 ,5.400 ,-1.038 ,2.477 ,-0.438 ,4.645 ,-0.360 ,5.655 ,0.135 
69,2,TW104,1.152 ,0.061 ,-0.062 ,3.000 ,Intermediate,10.000 ,-0.250 ,5.400 ,-1.038 ,2.477 ,-0.438 ,4.645 ,-0.360 ,5.655 ,0.135 
70,2,TW105,0.938 ,-0.028 ,-0.151 ,4.000 ,Intermediate,10.000 ,-0.250 ,5.400 ,-1.038 ,2.477 ,-0.438 ,4.645 ,-0.360 ,5.655 ,0.135 
71,2,TW106,NA,NA,NA,3.000 ,Intermediate,10.000 ,-0.250 ,5.400 ,-1.038 ,2.477 ,-0.438 ,4.645 ,-0.360 ,5.655 ,0.135 
72,2,TW107,1.142 ,0.058 ,-0.065 ,3.000 ,Intermediate,10.000 ,-0.250 ,5.400 ,-1.038 ,2.477 ,-0.438 ,4.645 ,-0.360 ,5.655 ,0.135 
73,2,TW108,1.327 ,0.123 ,0.000 ,3.000 ,Intermediate,10.000 ,-0.250 ,5.400 ,-1.038 ,2.477 ,-0.438 ,4.645 ,-0.360 ,5.655 ,0.135 
74,2,TW109,1.477 ,0.169 ,0.046 ,2.000 ,Basic,10.000 ,-0.250 ,5.400 ,-1.038 ,2.477 ,-0.438 ,4.645 ,-0.360 ,5.655 ,0.135 
75,2,TW110,1.274 ,0.105 ,-0.018 ,3.000 ,Intermediate,10.000 ,-0.250 ,5.400 ,-1.038 ,2.477 ,-0.438 ,4.645 ,-0.360 ,5.655 ,0.135 
76,2,TW111,1.280 ,0.107 ,-0.016 ,3.000 ,Intermediate,10.000 ,-0.250 ,5.400 ,-1.038 ,2.477 ,-0.438 ,4.645 ,-0.360 ,5.655 ,0.135 
77,2,TW113,1.385 ,0.141 ,0.018 ,3.000 ,Intermediate,10.000 ,-0.250 ,5.400 ,-1.038 ,2.477 ,-0.438 ,4.645 ,-0.360 ,5.655 ,0.135 
78,2,TW114,1.015 ,0.006 ,-0.117 ,4.000 ,Intermediate,10.000 ,-0.250 ,5.400 ,-1.038 ,2.477 ,-0.438 ,4.645 ,-0.360 ,5.655 ,0.135 
79,2,TW115,1.230 ,0.090 ,-0.033 ,2.000 ,Basic,10.000 ,-0.250 ,5.400 ,-1.038 ,2.477 ,-0.438 ,4.645 ,-0.360 ,5.655 ,0.135 
80,2,TW116,1.075 ,0.031 ,-0.092 ,4.000 ,Intermediate,10.000 ,-0.250 ,5.400 ,-1.038 ,2.477 ,-0.438 ,4.645 ,-0.360 ,5.655 ,0.135 
81,2,TW117,NA,NA,NA,3.000 ,Intermediate,10.000 ,-0.250 ,5.400 ,-1.038 ,2.477 ,-0.438 ,4.645 ,-0.360 ,5.655 ,0.135 
82,2,TW118,1.139 ,0.057 ,-0.066 ,2.000 ,Basic,10.000 ,-0.250 ,5.400 ,-1.038 ,2.477 ,-0.438 ,4.645 ,-0.360 ,5.655 ,0.135 
83,2,TW119,1.097 ,0.040 ,-0.083 ,4.000 ,Intermediate,10.000 ,-0.250 ,5.400 ,-1.038 ,2.477 ,-0.438 ,4.645 ,-0.360 ,5.655 ,0.135 
84,2,TW120,1.227 ,0.089 ,-0.034 ,2.000 ,Basic,10.000 ,-0.250 ,5.400 ,-1.038 ,2.477 ,-0.438 ,4.645 ,-0.360 ,5.655 ,0.135 
85,2,TW121,0.934 ,-0.030 ,-0.153 ,3.000 ,Intermediate,10.000 ,-0.250 ,5.400 ,-1.038 ,2.477 ,-0.438 ,4.645 ,-0.360 ,5.655 ,0.135 
86,2,TW122,1.333 ,0.125 ,0.002 ,2.000 ,Basic,10.000 ,-0.250 ,5.400 ,-1.038 ,2.477 ,-0.438 ,4.645 ,-0.360 ,5.655 ,0.135 
87,2,TW123,NA,NA,NA,3.000 ,Intermediate,10.000 ,-0.250 ,5.400 ,-1.038 ,2.477 ,-0.438 ,4.645 ,-0.360 ,5.655 ,0.135 
88,2,TW124,1.398 ,0.146 ,0.023 ,3.000 ,Intermediate,10.000 ,-0.250 ,5.400 ,-1.038 ,2.477 ,-0.438 ,4.645 ,-0.360 ,5.655 ,0.135 
89,2,TW125,1.278 ,0.107 ,-0.016 ,3.000 ,Intermediate,10.000 ,-0.250 ,5.400 ,-1.038 ,2.477 ,-0.438 ,4.645 ,-0.360 ,5.655 ,0.135 
90,2,TW126,1.522 ,0.182 ,0.059 ,3.000 ,Intermediate,10.000 ,-0.250 ,5.400 ,-1.038 ,2.477 ,-0.438 ,4.645 ,-0.360 ,5.655 ,0.135 
91,2,TW127,1.145 ,0.059 ,-0.064 ,3.000 ,Intermediate,10.000 ,-0.250 ,5.400 ,-1.038 ,2.477 ,-0.438 ,4.645 ,-0.360 ,5.655 ,0.135 
92,2,TW128,0.985 ,-0.007 ,-0.130 ,3.000 ,Intermediate,10.000 ,-0.250 ,5.400 ,-1.038 ,2.477 ,-0.438 ,4.645 ,-0.360 ,5.655 ,0.135 
93,2,TW129,1.432 ,0.156 ,0.033 ,2.000 ,Basic,10.000 ,-0.250 ,5.400 ,-1.038 ,2.477 ,-0.438 ,4.645 ,-0.360 ,5.655 ,0.135 
94,2,TW130,0.887 ,-0.052 ,-0.175 ,4.000 ,Intermediate,10.000 ,-0.250 ,5.400 ,-1.038 ,2.477 ,-0.438 ,4.645 ,-0.360 ,5.655 ,0.135 
95,2,TW131,1.187 ,0.074 ,-0.049 ,4.000 ,Intermediate,10.000 ,-0.250 ,5.400 ,-1.038 ,2.477 ,-0.438 ,4.645 ,-0.360 ,5.655 ,0.135 
96,2,TW132,1.040 ,0.017 ,-0.106 ,3.000 ,Intermediate,10.000 ,-0.250 ,5.400 ,-1.038 ,2.477 ,-0.438 ,4.645 ,-0.360 ,5.655 ,0.135 
97,2,TW133,1.201 ,0.080 ,-0.043 ,4.000 ,Intermediate,10.000 ,-0.250 ,5.400 ,-1.038 ,2.477 ,-0.438 ,4.645 ,-0.360 ,5.655 ,0.135 
98,2,TW134,1.290 ,0.111 ,-0.012 ,2.000 ,Basic,10.000 ,-0.250 ,5.400 ,-1.038 ,2.477 ,-0.438 ,4.645 ,-0.360 ,5.655 ,0.135 
99,2,TW135,1.645 ,0.216 ,0.093 ,3.000 ,Intermediate,10.000 ,-0.250 ,5.400 ,-1.038 ,2.477 ,-0.438 ,4.645 ,-0.360 ,5.655 ,0.135 
100,2,TW136,0.950 ,-0.022 ,-0.145 ,4.000 ,Intermediate,10.000 ,-0.250 ,5.400 ,-1.038 ,2.477 ,-0.438 ,4.645 ,-0.360 ,5.655 ,0.135 
101,2,TW137,0.932 ,-0.031 ,-0.154 ,3.000 ,Intermediate,10.000 ,-0.250 ,5.400 ,-1.038 ,2.477 ,-0.438 ,4.645 ,-0.360 ,5.655 ,0.135 
102,2,TW138,1.300 ,0.114 ,-0.009 ,2.000 ,Basic,10.000 ,-0.250 ,5.400 ,-1.038 ,2.477 ,-0.438 ,4.645 ,-0.360 ,5.655 ,0.135 
103,2,TW139,1.775 ,0.249 ,0.126 ,1.000 ,Basic,10.000 ,-0.250 ,5.400 ,-1.038 ,2.477 ,-0.438 ,4.645 ,-0.360 ,5.655 ,0.135 
104,2,TW140,0.886 ,-0.053 ,-0.176 ,3.000 ,Intermediate,10.000 ,-0.250 ,5.400 ,-1.038 ,2.477 ,-0.438 ,4.645 ,-0.360 ,5.655 ,0.135 
105,2,TW141,0.886 ,-0.053 ,-0.176 ,4.000 ,Intermediate,10.000 ,-0.250 ,5.400 ,-1.038 ,2.477 ,-0.438 ,4.645 ,-0.360 ,5.655 ,0.135 
106,2,TW142,1.219 ,0.086 ,-0.037 ,3.000 ,Intermediate,10.000 ,-0.250 ,5.400 ,-1.038 ,2.477 ,-0.438 ,4.645 ,-0.360 ,5.655 ,0.135 
107,2,TW143,1.096 ,0.040 ,-0.083 ,3.000 ,Intermediate,10.000 ,-0.250 ,5.400 ,-1.038 ,2.477 ,-0.438 ,4.645 ,-0.360 ,5.655 ,0.135 
108,2,TW144,1.838 ,0.264 ,0.141 ,4.000 ,Intermediate,10.000 ,-0.250 ,5.400 ,-1.038 ,2.477 ,-0.438 ,4.645 ,-0.360 ,5.655 ,0.135 
109,2,TW145,2.912 ,0.464 ,0.341 ,1.000 ,Basic,10.000 ,-0.250 ,5.400 ,-1.038 ,2.477 ,-0.438 ,4.645 ,-0.360 ,5.655 ,0.135 
110,2,TW146,1.263 ,0.101 ,-0.022 ,2.000 ,Basic,10.000 ,-0.250 ,5.400 ,-1.038 ,2.477 ,-0.438 ,4.645 ,-0.360 ,5.655 ,0.135 
111,2,TW147,1.166 ,0.067 ,-0.056 ,3.000 ,Intermediate,10.000 ,-0.250 ,5.400 ,-1.038 ,2.477 ,-0.438 ,4.645 ,-0.360 ,5.655 ,0.135 
112,2,TW148,1.047 ,0.020 ,-0.103 ,3.000 ,Intermediate,10.000 ,-0.250 ,5.400 ,-1.038 ,2.477 ,-0.438 ,4.645 ,-0.360 ,5.655 ,0.135 
113,2,TW149,0.913 ,-0.040 ,-0.163 ,4.000 ,Intermediate,10.000 ,-0.250 ,5.400 ,-1.038 ,2.477 ,-0.438 ,4.645 ,-0.360 ,5.655 ,0.135 
114,2,TW150,1.619 ,0.209 ,0.086 ,3.000 ,Intermediate,10.000 ,-0.250 ,5.400 ,-1.038 ,2.477 ,-0.438 ,4.645 ,-0.360 ,5.655 ,0.135 
115,2,TW151,1.040 ,0.017 ,-0.106 ,3.000 ,Intermediate,10.000 ,-0.250 ,5.400 ,-1.038 ,2.477 ,-0.438 ,4.645 ,-0.360 ,5.655 ,0.135 
116,2,TW152,NA,NA,NA,1.000 ,Basic,10.000 ,-0.250 ,5.400 ,-1.038 ,2.477 ,-0.438 ,4.645 ,-0.360 ,5.655 ,0.135 
117,2,TW153,1.070 ,0.029 ,-0.094 ,3.000 ,Intermediate,10.000 ,-0.250 ,5.400 ,-1.038 ,2.477 ,-0.438 ,4.645 ,-0.360 ,5.655 ,0.135 
118,2,TW154,1.168 ,0.067 ,-0.056 ,2.000 ,Basic,10.000 ,-0.250 ,5.400 ,-1.038 ,2.477 ,-0.438 ,4.645 ,-0.360 ,5.655 ,0.135 
119,2,TW155,1.272 ,0.104 ,-0.019 ,3.000 ,Intermediate,10.000 ,-0.250 ,5.400 ,-1.038 ,2.477 ,-0.438 ,4.645 ,-0.360 ,5.655 ,0.135 
120,2,TW156,1.065 ,0.027 ,-0.096 ,4.000 ,Intermediate,10.000 ,-0.250 ,5.400 ,-1.038 ,2.477 ,-0.438 ,4.645 ,-0.360 ,5.655 ,0.135 
121,2,TW157,1.255 ,0.099 ,-0.024 ,3.000 ,Intermediate,10.000 ,-0.250 ,5.400 ,-1.038 ,2.477 ,-0.438 ,4.645 ,-0.360 ,5.655 ,0.135 
122,2,TW158,0.985 ,-0.007 ,-0.130 ,4.000 ,Intermediate,10.000 ,-0.250 ,5.400 ,-1.038 ,2.477 ,-0.438 ,4.645 ,-0.360 ,5.655 ,0.135 
123,2,TW159,0.926 ,-0.033 ,-0.156 ,4.000 ,Intermediate,10.000 ,-0.250 ,5.400 ,-1.038 ,2.477 ,-0.438 ,4.645 ,-0.360 ,5.655 ,0.135 
124,2,TW160,1.480 ,0.170 ,0.047 ,2.000 ,Basic,10.000 ,-0.250 ,5.400 ,-1.038 ,2.477 ,-0.438 ,4.645 ,-0.360 ,5.655 ,0.135 
125,2,TW161,2.300 ,0.362 ,0.239 ,3.000 ,Intermediate,10.000 ,-0.250 ,5.400 ,-1.038 ,2.477 ,-0.438 ,4.645 ,-0.360 ,5.655 ,0.135 
126,2,TW162,NA,NA,NA,2.000 ,Basic,10.000 ,-0.250 ,5.400 ,-1.038 ,2.477 ,-0.438 ,4.645 ,-0.360 ,5.655 ,0.135 
127,2,TW163,1.178 ,0.071 ,-0.052 ,3.000 ,Intermediate,10.000 ,-0.250 ,5.400 ,-1.038 ,2.477 ,-0.438 ,4.645 ,-0.360 ,5.655 ,0.135 
128,2,TW164,1.861 ,0.270 ,0.147 ,1.000 ,Basic,10.000 ,-0.250 ,5.400 ,-1.038 ,2.477 ,-0.438 ,4.645 ,-0.360 ,5.655 ,0.135 
129,2,TW165,1.873 ,0.273 ,0.150 ,1.000 ,Basic,10.000 ,-0.250 ,5.400 ,-1.038 ,2.477 ,-0.438 ,4.645 ,-0.360 ,5.655 ,0.135 
130,2,TW166,1.149 ,0.060 ,-0.063 ,2.000 ,Basic,10.000 ,-0.250 ,5.400 ,-1.038 ,2.477 ,-0.438 ,4.645 ,-0.360 ,5.655 ,0.135 
131,3,TW101,1.043 ,0.018 ,-0.105 ,3.000 ,Intermediate,10.000 ,-0.250 ,8.200 ,1.762 ,3.223 ,0.308 ,4.516 ,-0.489 ,5.742 ,0.222 
132,3,TW102,1.144 ,0.058 ,-0.065 ,2.000 ,Basic,10.000 ,-0.250 ,8.200 ,1.762 ,3.223 ,0.308 ,4.516 ,-0.489 ,5.742 ,0.222 
133,3,TW103,1.111 ,0.046 ,-0.077 ,3.000 ,Intermediate,10.000 ,-0.250 ,8.200 ,1.762 ,3.223 ,0.308 ,4.516 ,-0.489 ,5.742 ,0.222 
134,3,TW104,1.248 ,0.096 ,-0.027 ,3.000 ,Intermediate,10.000 ,-0.250 ,8.200 ,1.762 ,3.223 ,0.308 ,4.516 ,-0.489 ,5.742 ,0.222 
135,3,TW105,0.974 ,-0.011 ,-0.134 ,4.000 ,Intermediate,10.000 ,-0.250 ,8.200 ,1.762 ,3.223 ,0.308 ,4.516 ,-0.489 ,5.742 ,0.222 
136,3,TW106,1.073 ,0.031 ,-0.092 ,3.000 ,Intermediate,10.000 ,-0.250 ,8.200 ,1.762 ,3.223 ,0.308 ,4.516 ,-0.489 ,5.742 ,0.222 
137,3,TW107,NA,NA,NA,3.000 ,Intermediate,10.000 ,-0.250 ,8.200 ,1.762 ,3.223 ,0.308 ,4.516 ,-0.489 ,5.742 ,0.222 
138,3,TW108,1.500 ,0.176 ,0.053 ,3.000 ,Intermediate,10.000 ,-0.250 ,8.200 ,1.762 ,3.223 ,0.308 ,4.516 ,-0.489 ,5.742 ,0.222 
139,3,TW109,3.677 ,0.565 ,0.442 ,2.000 ,Basic,10.000 ,-0.250 ,8.200 ,1.762 ,3.223 ,0.308 ,4.516 ,-0.489 ,5.742 ,0.222 
140,3,TW110,1.259 ,0.100 ,-0.023 ,3.000 ,Intermediate,10.000 ,-0.250 ,8.200 ,1.762 ,3.223 ,0.308 ,4.516 ,-0.489 ,5.742 ,0.222 
141,3,TW111,1.559 ,0.193 ,0.070 ,3.000 ,Intermediate,10.000 ,-0.250 ,8.200 ,1.762 ,3.223 ,0.308 ,4.516 ,-0.489 ,5.742 ,0.222 
142,3,TW113,1.320 ,0.121 ,-0.002 ,3.000 ,Intermediate,10.000 ,-0.250 ,8.200 ,1.762 ,3.223 ,0.308 ,4.516 ,-0.489 ,5.742 ,0.222 
143,3,TW114,1.341 ,0.127 ,0.004 ,4.000 ,Intermediate,10.000 ,-0.250 ,8.200 ,1.762 ,3.223 ,0.308 ,4.516 ,-0.489 ,5.742 ,0.222 
144,3,TW115,1.521 ,0.182 ,0.059 ,2.000 ,Basic,10.000 ,-0.250 ,8.200 ,1.762 ,3.223 ,0.308 ,4.516 ,-0.489 ,5.742 ,0.222 
145,3,TW116,1.470 ,0.167 ,0.044 ,4.000 ,Intermediate,10.000 ,-0.250 ,8.200 ,1.762 ,3.223 ,0.308 ,4.516 ,-0.489 ,5.742 ,0.222 
146,3,TW117,1.262 ,0.101 ,-0.022 ,3.000 ,Intermediate,10.000 ,-0.250 ,8.200 ,1.762 ,3.223 ,0.308 ,4.516 ,-0.489 ,5.742 ,0.222 
147,3,TW118,2.070 ,0.316 ,0.193 ,2.000 ,Basic,10.000 ,-0.250 ,8.200 ,1.762 ,3.223 ,0.308 ,4.516 ,-0.489 ,5.742 ,0.222 
148,3,TW119,0.785 ,-0.105 ,-0.228 ,4.000 ,Intermediate,10.000 ,-0.250 ,8.200 ,1.762 ,3.223 ,0.308 ,4.516 ,-0.489 ,5.742 ,0.222 
149,3,TW120,NA,NA,NA,2.000 ,Basic,10.000 ,-0.250 ,8.200 ,1.762 ,3.223 ,0.308 ,4.516 ,-0.489 ,5.742 ,0.222 
150,3,TW121,1.524 ,0.183 ,0.060 ,3.000 ,Intermediate,10.000 ,-0.250 ,8.200 ,1.762 ,3.223 ,0.308 ,4.516 ,-0.489 ,5.742 ,0.222 
151,3,TW122,1.567 ,0.195 ,0.072 ,2.000 ,Basic,10.000 ,-0.250 ,8.200 ,1.762 ,3.223 ,0.308 ,4.516 ,-0.489 ,5.742 ,0.222 
152,3,TW123,1.339 ,0.127 ,0.004 ,3.000 ,Intermediate,10.000 ,-0.250 ,8.200 ,1.762 ,3.223 ,0.308 ,4.516 ,-0.489 ,5.742 ,0.222 
153,3,TW124,1.137 ,0.056 ,-0.067 ,3.000 ,Intermediate,10.000 ,-0.250 ,8.200 ,1.762 ,3.223 ,0.308 ,4.516 ,-0.489 ,5.742 ,0.222 
154,3,TW125,1.188 ,0.075 ,-0.048 ,3.000 ,Intermediate,10.000 ,-0.250 ,8.200 ,1.762 ,3.223 ,0.308 ,4.516 ,-0.489 ,5.742 ,0.222 
155,3,TW126,1.275 ,0.106 ,-0.017 ,3.000 ,Intermediate,10.000 ,-0.250 ,8.200 ,1.762 ,3.223 ,0.308 ,4.516 ,-0.489 ,5.742 ,0.222 
156,3,TW127,1.212 ,0.084 ,-0.039 ,3.000 ,Intermediate,10.000 ,-0.250 ,8.200 ,1.762 ,3.223 ,0.308 ,4.516 ,-0.489 ,5.742 ,0.222 
157,3,TW128,1.097 ,0.040 ,-0.083 ,3.000 ,Intermediate,10.000 ,-0.250 ,8.200 ,1.762 ,3.223 ,0.308 ,4.516 ,-0.489 ,5.742 ,0.222 
158,3,TW129,1.140 ,0.057 ,-0.066 ,2.000 ,Basic,10.000 ,-0.250 ,8.200 ,1.762 ,3.223 ,0.308 ,4.516 ,-0.489 ,5.742 ,0.222 
159,3,TW130,3.075 ,0.488 ,0.365 ,4.000 ,Intermediate,10.000 ,-0.250 ,8.200 ,1.762 ,3.223 ,0.308 ,4.516 ,-0.489 ,5.742 ,0.222 
160,3,TW131,1.318 ,0.120 ,-0.003 ,4.000 ,Intermediate,10.000 ,-0.250 ,8.200 ,1.762 ,3.223 ,0.308 ,4.516 ,-0.489 ,5.742 ,0.222 
161,3,TW132,1.400 ,0.146 ,0.023 ,3.000 ,Intermediate,10.000 ,-0.250 ,8.200 ,1.762 ,3.223 ,0.308 ,4.516 ,-0.489 ,5.742 ,0.222 
162,3,TW133,1.465 ,0.166 ,0.043 ,4.000 ,Intermediate,10.000 ,-0.250 ,8.200 ,1.762 ,3.223 ,0.308 ,4.516 ,-0.489 ,5.742 ,0.222 
163,3,TW134,1.323 ,0.122 ,-0.001 ,2.000 ,Basic,10.000 ,-0.250 ,8.200 ,1.762 ,3.223 ,0.308 ,4.516 ,-0.489 ,5.742 ,0.222 
164,3,TW135,1.261 ,0.101 ,-0.022 ,3.000 ,Intermediate,10.000 ,-0.250 ,8.200 ,1.762 ,3.223 ,0.308 ,4.516 ,-0.489 ,5.742 ,0.222 
165,3,TW136,1.176 ,0.070 ,-0.053 ,4.000 ,Intermediate,10.000 ,-0.250 ,8.200 ,1.762 ,3.223 ,0.308 ,4.516 ,-0.489 ,5.742 ,0.222 
166,3,TW137,0.990 ,-0.004 ,-0.127 ,3.000 ,Intermediate,10.000 ,-0.250 ,8.200 ,1.762 ,3.223 ,0.308 ,4.516 ,-0.489 ,5.742 ,0.222 
167,3,TW138,3.900 ,0.591 ,0.468 ,2.000 ,Basic,10.000 ,-0.250 ,8.200 ,1.762 ,3.223 ,0.308 ,4.516 ,-0.489 ,5.742 ,0.222 
168,3,TW139,1.629 ,0.212 ,0.089 ,1.000 ,Basic,10.000 ,-0.250 ,8.200 ,1.762 ,3.223 ,0.308 ,4.516 ,-0.489 ,5.742 ,0.222 
169,3,TW140,1.890 ,0.276 ,0.153 ,3.000 ,Intermediate,10.000 ,-0.250 ,8.200 ,1.762 ,3.223 ,0.308 ,4.516 ,-0.489 ,5.742 ,0.222 
170,3,TW141,0.938 ,-0.028 ,-0.151 ,4.000 ,Intermediate,10.000 ,-0.250 ,8.200 ,1.762 ,3.223 ,0.308 ,4.516 ,-0.489 ,5.742 ,0.222 
171,3,TW142,1.505 ,0.178 ,0.055 ,3.000 ,Intermediate,10.000 ,-0.250 ,8.200 ,1.762 ,3.223 ,0.308 ,4.516 ,-0.489 ,5.742 ,0.222 
172,3,TW143,0.989 ,-0.005 ,-0.128 ,3.000 ,Intermediate,10.000 ,-0.250 ,8.200 ,1.762 ,3.223 ,0.308 ,4.516 ,-0.489 ,5.742 ,0.222 
173,3,TW144,1.003 ,0.001 ,-0.122 ,4.000 ,Intermediate,10.000 ,-0.250 ,8.200 ,1.762 ,3.223 ,0.308 ,4.516 ,-0.489 ,5.742 ,0.222 
174,3,TW145,1.774 ,0.249 ,0.126 ,1.000 ,Basic,10.000 ,-0.250 ,8.200 ,1.762 ,3.223 ,0.308 ,4.516 ,-0.489 ,5.742 ,0.222 
175,3,TW146,1.611 ,0.207 ,0.084 ,2.000 ,Basic,10.000 ,-0.250 ,8.200 ,1.762 ,3.223 ,0.308 ,4.516 ,-0.489 ,5.742 ,0.222 
176,3,TW147,1.120 ,0.049 ,-0.074 ,3.000 ,Intermediate,10.000 ,-0.250 ,8.200 ,1.762 ,3.223 ,0.308 ,4.516 ,-0.489 ,5.742 ,0.222 
177,3,TW148,1.293 ,0.112 ,-0.011 ,3.000 ,Intermediate,10.000 ,-0.250 ,8.200 ,1.762 ,3.223 ,0.308 ,4.516 ,-0.489 ,5.742 ,0.222 
178,3,TW149,1.088 ,0.037 ,-0.086 ,4.000 ,Intermediate,10.000 ,-0.250 ,8.200 ,1.762 ,3.223 ,0.308 ,4.516 ,-0.489 ,5.742 ,0.222 
179,3,TW150,1.770 ,0.248 ,0.125 ,3.000 ,Intermediate,10.000 ,-0.250 ,8.200 ,1.762 ,3.223 ,0.308 ,4.516 ,-0.489 ,5.742 ,0.222 
180,3,TW151,NA,NA,NA,3.000 ,Intermediate,10.000 ,-0.250 ,8.200 ,1.762 ,3.223 ,0.308 ,4.516 ,-0.489 ,5.742 ,0.222 
181,3,TW152,1.969 ,0.294 ,0.171 ,1.000 ,Basic,10.000 ,-0.250 ,8.200 ,1.762 ,3.223 ,0.308 ,4.516 ,-0.489 ,5.742 ,0.222 
182,3,TW153,1.909 ,0.281 ,0.158 ,3.000 ,Intermediate,10.000 ,-0.250 ,8.200 ,1.762 ,3.223 ,0.308 ,4.516 ,-0.489 ,5.742 ,0.222 
183,3,TW154,1.190 ,0.076 ,-0.047 ,2.000 ,Basic,10.000 ,-0.250 ,8.200 ,1.762 ,3.223 ,0.308 ,4.516 ,-0.489 ,5.742 ,0.222 
184,3,TW155,1.479 ,0.170 ,0.047 ,3.000 ,Intermediate,10.000 ,-0.250 ,8.200 ,1.762 ,3.223 ,0.308 ,4.516 ,-0.489 ,5.742 ,0.222 
185,3,TW156,0.954 ,-0.020 ,-0.143 ,4.000 ,Intermediate,10.000 ,-0.250 ,8.200 ,1.762 ,3.223 ,0.308 ,4.516 ,-0.489 ,5.742 ,0.222 
186,3,TW157,3.077 ,0.488 ,0.365 ,3.000 ,Intermediate,10.000 ,-0.250 ,8.200 ,1.762 ,3.223 ,0.308 ,4.516 ,-0.489 ,5.742 ,0.222 
187,3,TW158,1.187 ,0.074 ,-0.049 ,4.000 ,Intermediate,10.000 ,-0.250 ,8.200 ,1.762 ,3.223 ,0.308 ,4.516 ,-0.489 ,5.742 ,0.222 
188,3,TW159,0.902 ,-0.045 ,-0.168 ,4.000 ,Intermediate,10.000 ,-0.250 ,8.200 ,1.762 ,3.223 ,0.308 ,4.516 ,-0.489 ,5.742 ,0.222 
189,3,TW160,2.424 ,0.385 ,0.262 ,2.000 ,Basic,10.000 ,-0.250 ,8.200 ,1.762 ,3.223 ,0.308 ,4.516 ,-0.489 ,5.742 ,0.222 
190,3,TW161,1.416 ,0.151 ,0.028 ,3.000 ,Intermediate,10.000 ,-0.250 ,8.200 ,1.762 ,3.223 ,0.308 ,4.516 ,-0.489 ,5.742 ,0.222 
191,3,TW162,1.213 ,0.084 ,-0.039 ,2.000 ,Basic,10.000 ,-0.250 ,8.200 ,1.762 ,3.223 ,0.308 ,4.516 ,-0.489 ,5.742 ,0.222 
192,3,TW163,1.415 ,0.151 ,0.028 ,3.000 ,Intermediate,10.000 ,-0.250 ,8.200 ,1.762 ,3.223 ,0.308 ,4.516 ,-0.489 ,5.742 ,0.222 
193,3,TW164,NA,NA,NA,1.000 ,Basic,10.000 ,-0.250 ,8.200 ,1.762 ,3.223 ,0.308 ,4.516 ,-0.489 ,5.742 ,0.222 
194,3,TW165,3.811 ,0.581 ,0.458 ,1.000 ,Basic,10.000 ,-0.250 ,8.200 ,1.762 ,3.223 ,0.308 ,4.516 ,-0.489 ,5.742 ,0.222 
195,3,TW166,1.072 ,0.030 ,-0.093 ,2.000 ,Basic,10.000 ,-0.250 ,8.200 ,1.762 ,3.223 ,0.308 ,4.516 ,-0.489 ,5.742 ,0.222 
196,4,TW101,1.206 ,0.081 ,-0.042 ,3.000 ,Intermediate,10.000 ,-0.250 ,7.400 ,0.962 ,3.210 ,0.295 ,4.871 ,-0.134 ,5.861 ,0.341 
197,4,TW102,0.980 ,-0.009 ,-0.132 ,2.000 ,Basic,10.000 ,-0.250 ,7.400 ,0.962 ,3.210 ,0.295 ,4.871 ,-0.134 ,5.861 ,0.341 
198,4,TW103,1.219 ,0.086 ,-0.037 ,3.000 ,Intermediate,10.000 ,-0.250 ,7.400 ,0.962 ,3.210 ,0.295 ,4.871 ,-0.134 ,5.861 ,0.341 
199,4,TW104,0.949 ,-0.023 ,-0.146 ,3.000 ,Intermediate,10.000 ,-0.250 ,7.400 ,0.962 ,3.210 ,0.295 ,4.871 ,-0.134 ,5.861 ,0.341 
200,4,TW105,0.767 ,-0.115 ,-0.238 ,4.000 ,Intermediate,10.000 ,-0.250 ,7.400 ,0.962 ,3.210 ,0.295 ,4.871 ,-0.134 ,5.861 ,0.341 
201,4,TW106,1.248 ,0.096 ,-0.027 ,3.000 ,Intermediate,10.000 ,-0.250 ,7.400 ,0.962 ,3.210 ,0.295 ,4.871 ,-0.134 ,5.861 ,0.341 
202,4,TW107,1.309 ,0.117 ,-0.006 ,3.000 ,Intermediate,10.000 ,-0.250 ,7.400 ,0.962 ,3.210 ,0.295 ,4.871 ,-0.134 ,5.861 ,0.341 
203,4,TW108,1.152 ,0.061 ,-0.062 ,3.000 ,Intermediate,10.000 ,-0.250 ,7.400 ,0.962 ,3.210 ,0.295 ,4.871 ,-0.134 ,5.861 ,0.341 
204,4,TW109,1.989 ,0.299 ,0.176 ,2.000 ,Basic,10.000 ,-0.250 ,7.400 ,0.962 ,3.210 ,0.295 ,4.871 ,-0.134 ,5.861 ,0.341 
205,4,TW110,1.117 ,0.048 ,-0.075 ,3.000 ,Intermediate,10.000 ,-0.250 ,7.400 ,0.962 ,3.210 ,0.295 ,4.871 ,-0.134 ,5.861 ,0.341 
206,4,TW111,1.311 ,0.118 ,-0.005 ,3.000 ,Intermediate,10.000 ,-0.250 ,7.400 ,0.962 ,3.210 ,0.295 ,4.871 ,-0.134 ,5.861 ,0.341 
207,4,TW113,1.151 ,0.061 ,-0.062 ,3.000 ,Intermediate,10.000 ,-0.250 ,7.400 ,0.962 ,3.210 ,0.295 ,4.871 ,-0.134 ,5.861 ,0.341 
208,4,TW114,1.106 ,0.044 ,-0.079 ,4.000 ,Intermediate,10.000 ,-0.250 ,7.400 ,0.962 ,3.210 ,0.295 ,4.871 ,-0.134 ,5.861 ,0.341 
209,4,TW115,1.213 ,0.084 ,-0.039 ,2.000 ,Basic,10.000 ,-0.250 ,7.400 ,0.962 ,3.210 ,0.295 ,4.871 ,-0.134 ,5.861 ,0.341 
210,4,TW116,1.130 ,0.053 ,-0.070 ,4.000 ,Intermediate,10.000 ,-0.250 ,7.400 ,0.962 ,3.210 ,0.295 ,4.871 ,-0.134 ,5.861 ,0.341 
211,4,TW117,0.974 ,-0.011 ,-0.134 ,3.000 ,Intermediate,10.000 ,-0.250 ,7.400 ,0.962 ,3.210 ,0.295 ,4.871 ,-0.134 ,5.861 ,0.341 
212,4,TW118,1.201 ,0.080 ,-0.043 ,2.000 ,Basic,10.000 ,-0.250 ,7.400 ,0.962 ,3.210 ,0.295 ,4.871 ,-0.134 ,5.861 ,0.341 
213,4,TW119,1.304 ,0.115 ,-0.008 ,4.000 ,Intermediate,10.000 ,-0.250 ,7.400 ,0.962 ,3.210 ,0.295 ,4.871 ,-0.134 ,5.861 ,0.341 
214,4,TW120,NA,NA,NA,2.000 ,Basic,10.000 ,-0.250 ,7.400 ,0.962 ,3.210 ,0.295 ,4.871 ,-0.134 ,5.861 ,0.341 
215,4,TW121,1.052 ,0.022 ,-0.101 ,3.000 ,Intermediate,10.000 ,-0.250 ,7.400 ,0.962 ,3.210 ,0.295 ,4.871 ,-0.134 ,5.861 ,0.341 
216,4,TW122,1.176 ,0.070 ,-0.053 ,2.000 ,Basic,10.000 ,-0.250 ,7.400 ,0.962 ,3.210 ,0.295 ,4.871 ,-0.134 ,5.861 ,0.341 
217,4,TW123,1.212 ,0.084 ,-0.039 ,3.000 ,Intermediate,10.000 ,-0.250 ,7.400 ,0.962 ,3.210 ,0.295 ,4.871 ,-0.134 ,5.861 ,0.341 
218,4,TW124,1.135 ,0.055 ,-0.068 ,3.000 ,Intermediate,10.000 ,-0.250 ,7.400 ,0.962 ,3.210 ,0.295 ,4.871 ,-0.134 ,5.861 ,0.341 
219,4,TW125,1.166 ,0.067 ,-0.056 ,3.000 ,Intermediate,10.000 ,-0.250 ,7.400 ,0.962 ,3.210 ,0.295 ,4.871 ,-0.134 ,5.861 ,0.341 
220,4,TW126,1.026 ,0.011 ,-0.112 ,3.000 ,Intermediate,10.000 ,-0.250 ,7.400 ,0.962 ,3.210 ,0.295 ,4.871 ,-0.134 ,5.861 ,0.341 
221,4,TW127,1.007 ,0.003 ,-0.120 ,3.000 ,Intermediate,10.000 ,-0.250 ,7.400 ,0.962 ,3.210 ,0.295 ,4.871 ,-0.134 ,5.861 ,0.341 
222,4,TW128,1.368 ,0.136 ,0.013 ,3.000 ,Intermediate,10.000 ,-0.250 ,7.400 ,0.962 ,3.210 ,0.295 ,4.871 ,-0.134 ,5.861 ,0.341 
223,4,TW129,1.211 ,0.083 ,-0.040 ,2.000 ,Basic,10.000 ,-0.250 ,7.400 ,0.962 ,3.210 ,0.295 ,4.871 ,-0.134 ,5.861 ,0.341 
224,4,TW130,0.926 ,-0.033 ,-0.156 ,4.000 ,Intermediate,10.000 ,-0.250 ,7.400 ,0.962 ,3.210 ,0.295 ,4.871 ,-0.134 ,5.861 ,0.341 
225,4,TW131,1.055 ,0.023 ,-0.100 ,4.000 ,Intermediate,10.000 ,-0.250 ,7.400 ,0.962 ,3.210 ,0.295 ,4.871 ,-0.134 ,5.861 ,0.341 
226,4,TW132,1.087 ,0.036 ,-0.087 ,3.000 ,Intermediate,10.000 ,-0.250 ,7.400 ,0.962 ,3.210 ,0.295 ,4.871 ,-0.134 ,5.861 ,0.341 
227,4,TW133,1.026 ,0.011 ,-0.112 ,4.000 ,Intermediate,10.000 ,-0.250 ,7.400 ,0.962 ,3.210 ,0.295 ,4.871 ,-0.134 ,5.861 ,0.341 
228,4,TW134,1.117 ,0.048 ,-0.075 ,2.000 ,Basic,10.000 ,-0.250 ,7.400 ,0.962 ,3.210 ,0.295 ,4.871 ,-0.134 ,5.861 ,0.341 
229,4,TW135,1.041 ,0.017 ,-0.106 ,3.000 ,Intermediate,10.000 ,-0.250 ,7.400 ,0.962 ,3.210 ,0.295 ,4.871 ,-0.134 ,5.861 ,0.341 
230,4,TW136,0.959 ,-0.018 ,-0.141 ,4.000 ,Intermediate,10.000 ,-0.250 ,7.400 ,0.962 ,3.210 ,0.295 ,4.871 ,-0.134 ,5.861 ,0.341 
231,4,TW137,1.019 ,0.008 ,-0.115 ,3.000 ,Intermediate,10.000 ,-0.250 ,7.400 ,0.962 ,3.210 ,0.295 ,4.871 ,-0.134 ,5.861 ,0.341 
232,4,TW138,1.661 ,0.220 ,0.097 ,2.000 ,Basic,10.000 ,-0.250 ,7.400 ,0.962 ,3.210 ,0.295 ,4.871 ,-0.134 ,5.861 ,0.341 
233,4,TW139,1.879 ,0.274 ,0.151 ,1.000 ,Basic,10.000 ,-0.250 ,7.400 ,0.962 ,3.210 ,0.295 ,4.871 ,-0.134 ,5.861 ,0.341 
234,4,TW140,1.163 ,0.066 ,-0.057 ,3.000 ,Intermediate,10.000 ,-0.250 ,7.400 ,0.962 ,3.210 ,0.295 ,4.871 ,-0.134 ,5.861 ,0.341 
235,4,TW141,1.057 ,0.024 ,-0.099 ,4.000 ,Intermediate,10.000 ,-0.250 ,7.400 ,0.962 ,3.210 ,0.295 ,4.871 ,-0.134 ,5.861 ,0.341 
236,4,TW142,1.961 ,0.292 ,0.169 ,3.000 ,Intermediate,10.000 ,-0.250 ,7.400 ,0.962 ,3.210 ,0.295 ,4.871 ,-0.134 ,5.861 ,0.341 
237,4,TW143,1.173 ,0.069 ,-0.054 ,3.000 ,Intermediate,10.000 ,-0.250 ,7.400 ,0.962 ,3.210 ,0.295 ,4.871 ,-0.134 ,5.861 ,0.341 
238,4,TW144,0.917 ,-0.038 ,-0.161 ,4.000 ,Intermediate,10.000 ,-0.250 ,7.400 ,0.962 ,3.210 ,0.295 ,4.871 ,-0.134 ,5.861 ,0.341 
239,4,TW145,1.183 ,0.073 ,-0.050 ,1.000 ,Basic,10.000 ,-0.250 ,7.400 ,0.962 ,3.210 ,0.295 ,4.871 ,-0.134 ,5.861 ,0.341 
240,4,TW146,1.732 ,0.239 ,0.116 ,2.000 ,Basic,10.000 ,-0.250 ,7.400 ,0.962 ,3.210 ,0.295 ,4.871 ,-0.134 ,5.861 ,0.341 
241,4,TW147,0.913 ,-0.040 ,-0.163 ,3.000 ,Intermediate,10.000 ,-0.250 ,7.400 ,0.962 ,3.210 ,0.295 ,4.871 ,-0.134 ,5.861 ,0.341 
242,4,TW148,1.017 ,0.007 ,-0.116 ,3.000 ,Intermediate,10.000 ,-0.250 ,7.400 ,0.962 ,3.210 ,0.295 ,4.871 ,-0.134 ,5.861 ,0.341 
243,4,TW149,1.075 ,0.031 ,-0.092 ,4.000 ,Intermediate,10.000 ,-0.250 ,7.400 ,0.962 ,3.210 ,0.295 ,4.871 ,-0.134 ,5.861 ,0.341 
244,4,TW150,1.404 ,0.147 ,0.024 ,3.000 ,Intermediate,10.000 ,-0.250 ,7.400 ,0.962 ,3.210 ,0.295 ,4.871 ,-0.134 ,5.861 ,0.341 
245,4,TW151,1.429 ,0.155 ,0.032 ,3.000 ,Intermediate,10.000 ,-0.250 ,7.400 ,0.962 ,3.210 ,0.295 ,4.871 ,-0.134 ,5.861 ,0.341 
246,4,TW152,2.132 ,0.329 ,0.206 ,1.000 ,Basic,10.000 ,-0.250 ,7.400 ,0.962 ,3.210 ,0.295 ,4.871 ,-0.134 ,5.861 ,0.341 
247,4,TW153,1.151 ,0.061 ,-0.062 ,3.000 ,Intermediate,10.000 ,-0.250 ,7.400 ,0.962 ,3.210 ,0.295 ,4.871 ,-0.134 ,5.861 ,0.341 
248,4,TW154,1.208 ,0.082 ,-0.041 ,2.000 ,Basic,10.000 ,-0.250 ,7.400 ,0.962 ,3.210 ,0.295 ,4.871 ,-0.134 ,5.861 ,0.341 
249,4,TW155,1.270 ,0.104 ,-0.019 ,3.000 ,Intermediate,10.000 ,-0.250 ,7.400 ,0.962 ,3.210 ,0.295 ,4.871 ,-0.134 ,5.861 ,0.341 
250,4,TW156,0.976 ,-0.011 ,-0.134 ,4.000 ,Intermediate,10.000 ,-0.250 ,7.400 ,0.962 ,3.210 ,0.295 ,4.871 ,-0.134 ,5.861 ,0.341 
251,4,TW157,1.411 ,0.150 ,0.027 ,3.000 ,Intermediate,10.000 ,-0.250 ,7.400 ,0.962 ,3.210 ,0.295 ,4.871 ,-0.134 ,5.861 ,0.341 
252,4,TW158,0.898 ,-0.047 ,-0.170 ,4.000 ,Intermediate,10.000 ,-0.250 ,7.400 ,0.962 ,3.210 ,0.295 ,4.871 ,-0.134 ,5.861 ,0.341 
253,4,TW159,0.934 ,-0.030 ,-0.153 ,4.000 ,Intermediate,10.000 ,-0.250 ,7.400 ,0.962 ,3.210 ,0.295 ,4.871 ,-0.134 ,5.861 ,0.341 
254,4,TW160,1.134 ,0.055 ,-0.068 ,2.000 ,Basic,10.000 ,-0.250 ,7.400 ,0.962 ,3.210 ,0.295 ,4.871 ,-0.134 ,5.861 ,0.341 
255,4,TW161,1.948 ,0.290 ,0.167 ,3.000 ,Intermediate,10.000 ,-0.250 ,7.400 ,0.962 ,3.210 ,0.295 ,4.871 ,-0.134 ,5.861 ,0.341 
256,4,TW162,0.982 ,-0.008 ,-0.131 ,2.000 ,Basic,10.000 ,-0.250 ,7.400 ,0.962 ,3.210 ,0.295 ,4.871 ,-0.134 ,5.861 ,0.341 
257,4,TW163,1.277 ,0.106 ,-0.017 ,3.000 ,Intermediate,10.000 ,-0.250 ,7.400 ,0.962 ,3.210 ,0.295 ,4.871 ,-0.134 ,5.861 ,0.341 
258,4,TW164,NA,NA,NA,1.000 ,Basic,10.000 ,-0.250 ,7.400 ,0.962 ,3.210 ,0.295 ,4.871 ,-0.134 ,5.861 ,0.341 
259,4,TW165,2.297 ,0.361 ,0.238 ,1.000 ,Basic,10.000 ,-0.250 ,7.400 ,0.962 ,3.210 ,0.295 ,4.871 ,-0.134 ,5.861 ,0.341 
260,4,TW166,0.986 ,-0.006 ,-0.129 ,2.000 ,Basic,10.000 ,-0.250 ,7.400 ,0.962 ,3.210 ,0.295 ,4.871 ,-0.134 ,5.861 ,0.341 
261,5,TW101,0.837 ,-0.077 ,-0.200 ,3.000 ,Intermediate,7.000 ,-3.250 ,8.800 ,2.362 ,3.976 ,1.061 ,5.818 ,0.813 ,5.319 ,-0.201 
262,5,TW102,0.806 ,-0.094 ,-0.217 ,2.000 ,Basic,7.000 ,-3.250 ,8.800 ,2.362 ,3.976 ,1.061 ,5.818 ,0.813 ,5.319 ,-0.201 
263,5,TW103,0.743 ,-0.129 ,-0.252 ,3.000 ,Intermediate,7.000 ,-3.250 ,8.800 ,2.362 ,3.976 ,1.061 ,5.818 ,0.813 ,5.319 ,-0.201 
264,5,TW104,0.667 ,-0.176 ,-0.299 ,3.000 ,Intermediate,7.000 ,-3.250 ,8.800 ,2.362 ,3.976 ,1.061 ,5.818 ,0.813 ,5.319 ,-0.201 
265,5,TW105,0.800 ,-0.097 ,-0.220 ,4.000 ,Intermediate,7.000 ,-3.250 ,8.800 ,2.362 ,3.976 ,1.061 ,5.818 ,0.813 ,5.319 ,-0.201 
266,5,TW106,1.026 ,0.011 ,-0.112 ,3.000 ,Intermediate,7.000 ,-3.250 ,8.800 ,2.362 ,3.976 ,1.061 ,5.818 ,0.813 ,5.319 ,-0.201 
267,5,TW107,0.926 ,-0.033 ,-0.156 ,3.000 ,Intermediate,7.000 ,-3.250 ,8.800 ,2.362 ,3.976 ,1.061 ,5.818 ,0.813 ,5.319 ,-0.201 
268,5,TW108,0.751 ,-0.124 ,-0.247 ,3.000 ,Intermediate,7.000 ,-3.250 ,8.800 ,2.362 ,3.976 ,1.061 ,5.818 ,0.813 ,5.319 ,-0.201 
269,5,TW109,0.891 ,-0.050 ,-0.173 ,2.000 ,Basic,7.000 ,-3.250 ,8.800 ,2.362 ,3.976 ,1.061 ,5.818 ,0.813 ,5.319 ,-0.201 
270,5,TW110,0.653 ,-0.185 ,-0.308 ,3.000 ,Intermediate,7.000 ,-3.250 ,8.800 ,2.362 ,3.976 ,1.061 ,5.818 ,0.813 ,5.319 ,-0.201 
271,5,TW111,1.052 ,0.022 ,-0.101 ,3.000 ,Intermediate,7.000 ,-3.250 ,8.800 ,2.362 ,3.976 ,1.061 ,5.818 ,0.813 ,5.319 ,-0.201 
272,5,TW113,0.897 ,-0.047 ,-0.170 ,3.000 ,Intermediate,7.000 ,-3.250 ,8.800 ,2.362 ,3.976 ,1.061 ,5.818 ,0.813 ,5.319 ,-0.201 
273,5,TW114,0.983 ,-0.007 ,-0.130 ,4.000 ,Intermediate,7.000 ,-3.250 ,8.800 ,2.362 ,3.976 ,1.061 ,5.818 ,0.813 ,5.319 ,-0.201 
274,5,TW115,0.731 ,-0.136 ,-0.259 ,2.000 ,Basic,7.000 ,-3.250 ,8.800 ,2.362 ,3.976 ,1.061 ,5.818 ,0.813 ,5.319 ,-0.201 
275,5,TW116,0.729 ,-0.137 ,-0.260 ,4.000 ,Intermediate,7.000 ,-3.250 ,8.800 ,2.362 ,3.976 ,1.061 ,5.818 ,0.813 ,5.319 ,-0.201 
276,5,TW117,0.677 ,-0.169 ,-0.292 ,3.000 ,Intermediate,7.000 ,-3.250 ,8.800 ,2.362 ,3.976 ,1.061 ,5.818 ,0.813 ,5.319 ,-0.201 
277,5,TW118,0.669 ,-0.175 ,-0.298 ,2.000 ,Basic,7.000 ,-3.250 ,8.800 ,2.362 ,3.976 ,1.061 ,5.818 ,0.813 ,5.319 ,-0.201 
278,5,TW119,0.831 ,-0.080 ,-0.203 ,4.000 ,Intermediate,7.000 ,-3.250 ,8.800 ,2.362 ,3.976 ,1.061 ,5.818 ,0.813 ,5.319 ,-0.201 
279,5,TW120,1.137 ,0.056 ,-0.067 ,2.000 ,Basic,7.000 ,-3.250 ,8.800 ,2.362 ,3.976 ,1.061 ,5.818 ,0.813 ,5.319 ,-0.201 
280,5,TW121,0.631 ,-0.200 ,-0.323 ,3.000 ,Intermediate,7.000 ,-3.250 ,8.800 ,2.362 ,3.976 ,1.061 ,5.818 ,0.813 ,5.319 ,-0.201 
281,5,TW122,1.008 ,0.003 ,-0.120 ,2.000 ,Basic,7.000 ,-3.250 ,8.800 ,2.362 ,3.976 ,1.061 ,5.818 ,0.813 ,5.319 ,-0.201 
282,5,TW123,0.889 ,-0.051 ,-0.174 ,3.000 ,Intermediate,7.000 ,-3.250 ,8.800 ,2.362 ,3.976 ,1.061 ,5.818 ,0.813 ,5.319 ,-0.201 
283,5,TW124,0.809 ,-0.092 ,-0.215 ,3.000 ,Intermediate,7.000 ,-3.250 ,8.800 ,2.362 ,3.976 ,1.061 ,5.818 ,0.813 ,5.319 ,-0.201 
284,5,TW125,0.939 ,-0.027 ,-0.150 ,3.000 ,Intermediate,7.000 ,-3.250 ,8.800 ,2.362 ,3.976 ,1.061 ,5.818 ,0.813 ,5.319 ,-0.201 
285,5,TW126,0.992 ,-0.003 ,-0.126 ,3.000 ,Intermediate,7.000 ,-3.250 ,8.800 ,2.362 ,3.976 ,1.061 ,5.818 ,0.813 ,5.319 ,-0.201 
286,5,TW127,0.900 ,-0.046 ,-0.169 ,3.000 ,Intermediate,7.000 ,-3.250 ,8.800 ,2.362 ,3.976 ,1.061 ,5.818 ,0.813 ,5.319 ,-0.201 
287,5,TW128,0.722 ,-0.141 ,-0.264 ,3.000 ,Intermediate,7.000 ,-3.250 ,8.800 ,2.362 ,3.976 ,1.061 ,5.818 ,0.813 ,5.319 ,-0.201 
288,5,TW129,0.862 ,-0.064 ,-0.187 ,2.000 ,Basic,7.000 ,-3.250 ,8.800 ,2.362 ,3.976 ,1.061 ,5.818 ,0.813 ,5.319 ,-0.201 
289,5,TW130,0.682 ,-0.166 ,-0.289 ,4.000 ,Intermediate,7.000 ,-3.250 ,8.800 ,2.362 ,3.976 ,1.061 ,5.818 ,0.813 ,5.319 ,-0.201 
290,5,TW131,0.630 ,-0.201 ,-0.324 ,4.000 ,Intermediate,7.000 ,-3.250 ,8.800 ,2.362 ,3.976 ,1.061 ,5.818 ,0.813 ,5.319 ,-0.201 
291,5,TW132,0.978 ,-0.010 ,-0.133 ,3.000 ,Intermediate,7.000 ,-3.250 ,8.800 ,2.362 ,3.976 ,1.061 ,5.818 ,0.813 ,5.319 ,-0.201 
292,5,TW133,0.866 ,-0.062 ,-0.185 ,4.000 ,Intermediate,7.000 ,-3.250 ,8.800 ,2.362 ,3.976 ,1.061 ,5.818 ,0.813 ,5.319 ,-0.201 
293,5,TW134,1.093 ,0.039 ,-0.084 ,2.000 ,Basic,7.000 ,-3.250 ,8.800 ,2.362 ,3.976 ,1.061 ,5.818 ,0.813 ,5.319 ,-0.201 
294,5,TW135,0.689 ,-0.162 ,-0.285 ,3.000 ,Intermediate,7.000 ,-3.250 ,8.800 ,2.362 ,3.976 ,1.061 ,5.818 ,0.813 ,5.319 ,-0.201 
295,5,TW136,0.881 ,-0.055 ,-0.178 ,4.000 ,Intermediate,7.000 ,-3.250 ,8.800 ,2.362 ,3.976 ,1.061 ,5.818 ,0.813 ,5.319 ,-0.201 
296,5,TW137,0.544 ,-0.264 ,-0.387 ,3.000 ,Intermediate,7.000 ,-3.250 ,8.800 ,2.362 ,3.976 ,1.061 ,5.818 ,0.813 ,5.319 ,-0.201 
297,5,TW138,0.981 ,-0.008 ,-0.131 ,2.000 ,Basic,7.000 ,-3.250 ,8.800 ,2.362 ,3.976 ,1.061 ,5.818 ,0.813 ,5.319 ,-0.201 
298,5,TW139,1.150 ,0.061 ,-0.062 ,1.000 ,Basic,7.000 ,-3.250 ,8.800 ,2.362 ,3.976 ,1.061 ,5.818 ,0.813 ,5.319 ,-0.201 
299,5,TW140,0.768 ,-0.115 ,-0.238 ,3.000 ,Intermediate,7.000 ,-3.250 ,8.800 ,2.362 ,3.976 ,1.061 ,5.818 ,0.813 ,5.319 ,-0.201 
300,5,TW141,0.515 ,-0.288 ,-0.411 ,4.000 ,Intermediate,7.000 ,-3.250 ,8.800 ,2.362 ,3.976 ,1.061 ,5.818 ,0.813 ,5.319 ,-0.201 
301,5,TW142,0.965 ,-0.015 ,-0.138 ,3.000 ,Intermediate,7.000 ,-3.250 ,8.800 ,2.362 ,3.976 ,1.061 ,5.818 ,0.813 ,5.319 ,-0.201 
302,5,TW143,0.703 ,-0.153 ,-0.276 ,3.000 ,Intermediate,7.000 ,-3.250 ,8.800 ,2.362 ,3.976 ,1.061 ,5.818 ,0.813 ,5.319 ,-0.201 
303,5,TW144,0.800 ,-0.097 ,-0.220 ,4.000 ,Intermediate,7.000 ,-3.250 ,8.800 ,2.362 ,3.976 ,1.061 ,5.818 ,0.813 ,5.319 ,-0.201 
304,5,TW145,0.905 ,-0.043 ,-0.166 ,1.000 ,Basic,7.000 ,-3.250 ,8.800 ,2.362 ,3.976 ,1.061 ,5.818 ,0.813 ,5.319 ,-0.201 
305,5,TW146,0.960 ,-0.018 ,-0.141 ,2.000 ,Basic,7.000 ,-3.250 ,8.800 ,2.362 ,3.976 ,1.061 ,5.818 ,0.813 ,5.319 ,-0.201 
306,5,TW147,0.689 ,-0.162 ,-0.285 ,3.000 ,Intermediate,7.000 ,-3.250 ,8.800 ,2.362 ,3.976 ,1.061 ,5.818 ,0.813 ,5.319 ,-0.201 
307,5,TW148,0.919 ,-0.037 ,-0.160 ,3.000 ,Intermediate,7.000 ,-3.250 ,8.800 ,2.362 ,3.976 ,1.061 ,5.818 ,0.813 ,5.319 ,-0.201 
308,5,TW149,0.740 ,-0.131 ,-0.254 ,4.000 ,Intermediate,7.000 ,-3.250 ,8.800 ,2.362 ,3.976 ,1.061 ,5.818 ,0.813 ,5.319 ,-0.201 
309,5,TW150,0.746 ,-0.127 ,-0.250 ,3.000 ,Intermediate,7.000 ,-3.250 ,8.800 ,2.362 ,3.976 ,1.061 ,5.818 ,0.813 ,5.319 ,-0.201 
310,5,TW151,0.817 ,-0.088 ,-0.211 ,3.000 ,Intermediate,7.000 ,-3.250 ,8.800 ,2.362 ,3.976 ,1.061 ,5.818 ,0.813 ,5.319 ,-0.201 
311,5,TW152,0.813 ,-0.090 ,-0.213 ,1.000 ,Basic,7.000 ,-3.250 ,8.800 ,2.362 ,3.976 ,1.061 ,5.818 ,0.813 ,5.319 ,-0.201 
312,5,TW153,0.784 ,-0.106 ,-0.229 ,3.000 ,Intermediate,7.000 ,-3.250 ,8.800 ,2.362 ,3.976 ,1.061 ,5.818 ,0.813 ,5.319 ,-0.201 
313,5,TW154,0.716 ,-0.145 ,-0.268 ,2.000 ,Basic,7.000 ,-3.250 ,8.800 ,2.362 ,3.976 ,1.061 ,5.818 ,0.813 ,5.319 ,-0.201 
314,5,TW155,0.790 ,-0.102 ,-0.225 ,3.000 ,Intermediate,7.000 ,-3.250 ,8.800 ,2.362 ,3.976 ,1.061 ,5.818 ,0.813 ,5.319 ,-0.201 
315,5,TW156,0.553 ,-0.257 ,-0.380 ,4.000 ,Intermediate,7.000 ,-3.250 ,8.800 ,2.362 ,3.976 ,1.061 ,5.818 ,0.813 ,5.319 ,-0.201 
316,5,TW157,0.950 ,-0.022 ,-0.145 ,3.000 ,Intermediate,7.000 ,-3.250 ,8.800 ,2.362 ,3.976 ,1.061 ,5.818 ,0.813 ,5.319 ,-0.201 
317,5,TW158,0.682 ,-0.166 ,-0.289 ,4.000 ,Intermediate,7.000 ,-3.250 ,8.800 ,2.362 ,3.976 ,1.061 ,5.818 ,0.813 ,5.319 ,-0.201 
318,5,TW159,0.575 ,-0.240 ,-0.363 ,4.000 ,Intermediate,7.000 ,-3.250 ,8.800 ,2.362 ,3.976 ,1.061 ,5.818 ,0.813 ,5.319 ,-0.201 
319,5,TW160,0.836 ,-0.078 ,-0.201 ,2.000 ,Basic,7.000 ,-3.250 ,8.800 ,2.362 ,3.976 ,1.061 ,5.818 ,0.813 ,5.319 ,-0.201 
320,5,TW161,0.747 ,-0.127 ,-0.250 ,3.000 ,Intermediate,7.000 ,-3.250 ,8.800 ,2.362 ,3.976 ,1.061 ,5.818 ,0.813 ,5.319 ,-0.201 
321,5,TW162,0.816 ,-0.088 ,-0.211 ,2.000 ,Basic,7.000 ,-3.250 ,8.800 ,2.362 ,3.976 ,1.061 ,5.818 ,0.813 ,5.319 ,-0.201 
322,5,TW163,0.816 ,-0.088 ,-0.211 ,3.000 ,Intermediate,7.000 ,-3.250 ,8.800 ,2.362 ,3.976 ,1.061 ,5.818 ,0.813 ,5.319 ,-0.201 
323,5,TW164,0.909 ,-0.041 ,-0.164 ,1.000 ,Basic,7.000 ,-3.250 ,8.800 ,2.362 ,3.976 ,1.061 ,5.818 ,0.813 ,5.319 ,-0.201 
324,5,TW165,0.918 ,-0.037 ,-0.160 ,1.000 ,Basic,7.000 ,-3.250 ,8.800 ,2.362 ,3.976 ,1.061 ,5.818 ,0.813 ,5.319 ,-0.201 
325,5,TW166,0.813 ,-0.090 ,-0.213 ,2.000 ,Basic,7.000 ,-3.250 ,8.800 ,2.362 ,3.976 ,1.061 ,5.818 ,0.813 ,5.319 ,-0.201 
326,6,TW101,0.915 ,-0.039 ,-0.162 ,3.000 ,Intermediate,6.000 ,-4.250 ,6.700 ,0.262 ,3.458 ,0.543 ,6.175 ,1.170 ,5.042 ,-0.478 
327,6,TW102,1.010 ,0.004 ,-0.119 ,2.000 ,Basic,6.000 ,-4.250 ,6.700 ,0.262 ,3.458 ,0.543 ,6.175 ,1.170 ,5.042 ,-0.478 
328,6,TW103,0.931 ,-0.031 ,-0.154 ,3.000 ,Intermediate,6.000 ,-4.250 ,6.700 ,0.262 ,3.458 ,0.543 ,6.175 ,1.170 ,5.042 ,-0.478 
329,6,TW104,0.831 ,-0.080 ,-0.203 ,3.000 ,Intermediate,6.000 ,-4.250 ,6.700 ,0.262 ,3.458 ,0.543 ,6.175 ,1.170 ,5.042 ,-0.478 
330,6,TW105,0.744 ,-0.128 ,-0.251 ,4.000 ,Intermediate,6.000 ,-4.250 ,6.700 ,0.262 ,3.458 ,0.543 ,6.175 ,1.170 ,5.042 ,-0.478 
331,6,TW106,1.292 ,0.111 ,-0.012 ,3.000 ,Intermediate,6.000 ,-4.250 ,6.700 ,0.262 ,3.458 ,0.543 ,6.175 ,1.170 ,5.042 ,-0.478 
332,6,TW107,1.206 ,0.081 ,-0.042 ,3.000 ,Intermediate,6.000 ,-4.250 ,6.700 ,0.262 ,3.458 ,0.543 ,6.175 ,1.170 ,5.042 ,-0.478 
333,6,TW108,NA,NA,NA,3.000 ,Intermediate,6.000 ,-4.250 ,6.700 ,0.262 ,3.458 ,0.543 ,6.175 ,1.170 ,5.042 ,-0.478 
334,6,TW109,1.513 ,0.180 ,0.057 ,2.000 ,Basic,6.000 ,-4.250 ,6.700 ,0.262 ,3.458 ,0.543 ,6.175 ,1.170 ,5.042 ,-0.478 
335,6,TW110,1.260 ,0.100 ,-0.023 ,3.000 ,Intermediate,6.000 ,-4.250 ,6.700 ,0.262 ,3.458 ,0.543 ,6.175 ,1.170 ,5.042 ,-0.478 
336,6,TW111,1.888 ,0.276 ,0.153 ,3.000 ,Intermediate,6.000 ,-4.250 ,6.700 ,0.262 ,3.458 ,0.543 ,6.175 ,1.170 ,5.042 ,-0.478 
337,6,TW113,1.011 ,0.005 ,-0.118 ,3.000 ,Intermediate,6.000 ,-4.250 ,6.700 ,0.262 ,3.458 ,0.543 ,6.175 ,1.170 ,5.042 ,-0.478 
338,6,TW114,0.956 ,-0.020 ,-0.143 ,4.000 ,Intermediate,6.000 ,-4.250 ,6.700 ,0.262 ,3.458 ,0.543 ,6.175 ,1.170 ,5.042 ,-0.478 
339,6,TW115,1.800 ,0.255 ,0.132 ,2.000 ,Basic,6.000 ,-4.250 ,6.700 ,0.262 ,3.458 ,0.543 ,6.175 ,1.170 ,5.042 ,-0.478 
340,6,TW116,1.082 ,0.034 ,-0.089 ,4.000 ,Intermediate,6.000 ,-4.250 ,6.700 ,0.262 ,3.458 ,0.543 ,6.175 ,1.170 ,5.042 ,-0.478 
341,6,TW117,0.920 ,-0.036 ,-0.159 ,3.000 ,Intermediate,6.000 ,-4.250 ,6.700 ,0.262 ,3.458 ,0.543 ,6.175 ,1.170 ,5.042 ,-0.478 
342,6,TW118,1.761 ,0.246 ,0.123 ,2.000 ,Basic,6.000 ,-4.250 ,6.700 ,0.262 ,3.458 ,0.543 ,6.175 ,1.170 ,5.042 ,-0.478 
343,6,TW119,0.934 ,-0.030 ,-0.153 ,4.000 ,Intermediate,6.000 ,-4.250 ,6.700 ,0.262 ,3.458 ,0.543 ,6.175 ,1.170 ,5.042 ,-0.478 
344,6,TW120,5.122 ,0.709 ,0.586 ,2.000 ,Basic,6.000 ,-4.250 ,6.700 ,0.262 ,3.458 ,0.543 ,6.175 ,1.170 ,5.042 ,-0.478 
345,6,TW121,NA,NA,NA,3.000 ,Intermediate,6.000 ,-4.250 ,6.700 ,0.262 ,3.458 ,0.543 ,6.175 ,1.170 ,5.042 ,-0.478 
346,6,TW122,1.192 ,0.076 ,-0.047 ,2.000 ,Basic,6.000 ,-4.250 ,6.700 ,0.262 ,3.458 ,0.543 ,6.175 ,1.170 ,5.042 ,-0.478 
347,6,TW123,0.908 ,-0.042 ,-0.165 ,3.000 ,Intermediate,6.000 ,-4.250 ,6.700 ,0.262 ,3.458 ,0.543 ,6.175 ,1.170 ,5.042 ,-0.478 
348,6,TW124,1.169 ,0.068 ,-0.055 ,3.000 ,Intermediate,6.000 ,-4.250 ,6.700 ,0.262 ,3.458 ,0.543 ,6.175 ,1.170 ,5.042 ,-0.478 
349,6,TW125,1.007 ,0.003 ,-0.120 ,3.000 ,Intermediate,6.000 ,-4.250 ,6.700 ,0.262 ,3.458 ,0.543 ,6.175 ,1.170 ,5.042 ,-0.478 
350,6,TW126,0.953 ,-0.021 ,-0.144 ,3.000 ,Intermediate,6.000 ,-4.250 ,6.700 ,0.262 ,3.458 ,0.543 ,6.175 ,1.170 ,5.042 ,-0.478 
351,6,TW127,1.199 ,0.079 ,-0.044 ,3.000 ,Intermediate,6.000 ,-4.250 ,6.700 ,0.262 ,3.458 ,0.543 ,6.175 ,1.170 ,5.042 ,-0.478 
352,6,TW128,0.909 ,-0.041 ,-0.164 ,3.000 ,Intermediate,6.000 ,-4.250 ,6.700 ,0.262 ,3.458 ,0.543 ,6.175 ,1.170 ,5.042 ,-0.478 
353,6,TW129,1.064 ,0.027 ,-0.096 ,2.000 ,Basic,6.000 ,-4.250 ,6.700 ,0.262 ,3.458 ,0.543 ,6.175 ,1.170 ,5.042 ,-0.478 
354,6,TW130,1.558 ,0.193 ,0.070 ,4.000 ,Intermediate,6.000 ,-4.250 ,6.700 ,0.262 ,3.458 ,0.543 ,6.175 ,1.170 ,5.042 ,-0.478 
355,6,TW131,0.783 ,-0.106 ,-0.229 ,4.000 ,Intermediate,6.000 ,-4.250 ,6.700 ,0.262 ,3.458 ,0.543 ,6.175 ,1.170 ,5.042 ,-0.478 
356,6,TW132,1.175 ,0.070 ,-0.053 ,3.000 ,Intermediate,6.000 ,-4.250 ,6.700 ,0.262 ,3.458 ,0.543 ,6.175 ,1.170 ,5.042 ,-0.478 
357,6,TW133,0.919 ,-0.037 ,-0.160 ,4.000 ,Intermediate,6.000 ,-4.250 ,6.700 ,0.262 ,3.458 ,0.543 ,6.175 ,1.170 ,5.042 ,-0.478 
358,6,TW134,2.340 ,0.369 ,0.246 ,2.000 ,Basic,6.000 ,-4.250 ,6.700 ,0.262 ,3.458 ,0.543 ,6.175 ,1.170 ,5.042 ,-0.478 
359,6,TW135,1.264 ,0.102 ,-0.021 ,3.000 ,Intermediate,6.000 ,-4.250 ,6.700 ,0.262 ,3.458 ,0.543 ,6.175 ,1.170 ,5.042 ,-0.478 
360,6,TW136,0.838 ,-0.077 ,-0.200 ,4.000 ,Intermediate,6.000 ,-4.250 ,6.700 ,0.262 ,3.458 ,0.543 ,6.175 ,1.170 ,5.042 ,-0.478 
361,6,TW137,NA,NA,NA,3.000 ,Intermediate,6.000 ,-4.250 ,6.700 ,0.262 ,3.458 ,0.543 ,6.175 ,1.170 ,5.042 ,-0.478 
362,6,TW138,1.436 ,0.157 ,0.034 ,2.000 ,Basic,6.000 ,-4.250 ,6.700 ,0.262 ,3.458 ,0.543 ,6.175 ,1.170 ,5.042 ,-0.478 
363,6,TW139,1.252 ,0.098 ,-0.025 ,1.000 ,Basic,6.000 ,-4.250 ,6.700 ,0.262 ,3.458 ,0.543 ,6.175 ,1.170 ,5.042 ,-0.478 
364,6,TW140,0.901 ,-0.045 ,-0.168 ,3.000 ,Intermediate,6.000 ,-4.250 ,6.700 ,0.262 ,3.458 ,0.543 ,6.175 ,1.170 ,5.042 ,-0.478 
365,6,TW141,0.801 ,-0.096 ,-0.219 ,4.000 ,Intermediate,6.000 ,-4.250 ,6.700 ,0.262 ,3.458 ,0.543 ,6.175 ,1.170 ,5.042 ,-0.478 
366,6,TW142,1.232 ,0.091 ,-0.032 ,3.000 ,Intermediate,6.000 ,-4.250 ,6.700 ,0.262 ,3.458 ,0.543 ,6.175 ,1.170 ,5.042 ,-0.478 
367,6,TW143,1.000 ,0.000 ,-0.123 ,3.000 ,Intermediate,6.000 ,-4.250 ,6.700 ,0.262 ,3.458 ,0.543 ,6.175 ,1.170 ,5.042 ,-0.478 
368,6,TW144,0.953 ,-0.021 ,-0.144 ,4.000 ,Intermediate,6.000 ,-4.250 ,6.700 ,0.262 ,3.458 ,0.543 ,6.175 ,1.170 ,5.042 ,-0.478 
369,6,TW145,NA,NA,NA,1.000 ,Basic,6.000 ,-4.250 ,6.700 ,0.262 ,3.458 ,0.543 ,6.175 ,1.170 ,5.042 ,-0.478 
370,6,TW146,3.528 ,0.548 ,0.425 ,2.000 ,Basic,6.000 ,-4.250 ,6.700 ,0.262 ,3.458 ,0.543 ,6.175 ,1.170 ,5.042 ,-0.478 
371,6,TW147,1.054 ,0.023 ,-0.100 ,3.000 ,Intermediate,6.000 ,-4.250 ,6.700 ,0.262 ,3.458 ,0.543 ,6.175 ,1.170 ,5.042 ,-0.478 
372,6,TW148,1.060 ,0.025 ,-0.098 ,3.000 ,Intermediate,6.000 ,-4.250 ,6.700 ,0.262 ,3.458 ,0.543 ,6.175 ,1.170 ,5.042 ,-0.478 
373,6,TW149,0.901 ,-0.045 ,-0.168 ,4.000 ,Intermediate,6.000 ,-4.250 ,6.700 ,0.262 ,3.458 ,0.543 ,6.175 ,1.170 ,5.042 ,-0.478 
374,6,TW150,1.187 ,0.074 ,-0.049 ,3.000 ,Intermediate,6.000 ,-4.250 ,6.700 ,0.262 ,3.458 ,0.543 ,6.175 ,1.170 ,5.042 ,-0.478 
375,6,TW151,1.269 ,0.103 ,-0.020 ,3.000 ,Intermediate,6.000 ,-4.250 ,6.700 ,0.262 ,3.458 ,0.543 ,6.175 ,1.170 ,5.042 ,-0.478 
376,6,TW152,1.773 ,0.249 ,0.126 ,1.000 ,Basic,6.000 ,-4.250 ,6.700 ,0.262 ,3.458 ,0.543 ,6.175 ,1.170 ,5.042 ,-0.478 
377,6,TW153,1.094 ,0.039 ,-0.084 ,3.000 ,Intermediate,6.000 ,-4.250 ,6.700 ,0.262 ,3.458 ,0.543 ,6.175 ,1.170 ,5.042 ,-0.478 
378,6,TW154,2.130 ,0.328 ,0.205 ,2.000 ,Basic,6.000 ,-4.250 ,6.700 ,0.262 ,3.458 ,0.543 ,6.175 ,1.170 ,5.042 ,-0.478 
379,6,TW155,1.518 ,0.181 ,0.058 ,3.000 ,Intermediate,6.000 ,-4.250 ,6.700 ,0.262 ,3.458 ,0.543 ,6.175 ,1.170 ,5.042 ,-0.478 
380,6,TW156,0.857 ,-0.067 ,-0.190 ,4.000 ,Intermediate,6.000 ,-4.250 ,6.700 ,0.262 ,3.458 ,0.543 ,6.175 ,1.170 ,5.042 ,-0.478 
381,6,TW157,1.250 ,0.097 ,-0.026 ,3.000 ,Intermediate,6.000 ,-4.250 ,6.700 ,0.262 ,3.458 ,0.543 ,6.175 ,1.170 ,5.042 ,-0.478 
382,6,TW158,0.717 ,-0.144 ,-0.267 ,4.000 ,Intermediate,6.000 ,-4.250 ,6.700 ,0.262 ,3.458 ,0.543 ,6.175 ,1.170 ,5.042 ,-0.478 
383,6,TW159,0.736 ,-0.133 ,-0.256 ,4.000 ,Intermediate,6.000 ,-4.250 ,6.700 ,0.262 ,3.458 ,0.543 ,6.175 ,1.170 ,5.042 ,-0.478 
384,6,TW160,1.206 ,0.081 ,-0.042 ,2.000 ,Basic,6.000 ,-4.250 ,6.700 ,0.262 ,3.458 ,0.543 ,6.175 ,1.170 ,5.042 ,-0.478 
385,6,TW161,NA,NA,NA,3.000 ,Intermediate,6.000 ,-4.250 ,6.700 ,0.262 ,3.458 ,0.543 ,6.175 ,1.170 ,5.042 ,-0.478 
386,6,TW162,1.859 ,0.269 ,0.146 ,2.000 ,Basic,6.000 ,-4.250 ,6.700 ,0.262 ,3.458 ,0.543 ,6.175 ,1.170 ,5.042 ,-0.478 
387,6,TW163,0.774 ,-0.111 ,-0.234 ,3.000 ,Intermediate,6.000 ,-4.250 ,6.700 ,0.262 ,3.458 ,0.543 ,6.175 ,1.170 ,5.042 ,-0.478 
388,6,TW164,2.341 ,0.369 ,0.246 ,1.000 ,Basic,6.000 ,-4.250 ,6.700 ,0.262 ,3.458 ,0.543 ,6.175 ,1.170 ,5.042 ,-0.478 
389,6,TW165,1.413 ,0.150 ,0.027 ,1.000 ,Basic,6.000 ,-4.250 ,6.700 ,0.262 ,3.458 ,0.543 ,6.175 ,1.170 ,5.042 ,-0.478 
390,6,TW166,0.881 ,-0.055 ,-0.178 ,2.000 ,Basic,6.000 ,-4.250 ,6.700 ,0.262 ,3.458 ,0.543 ,6.175 ,1.170 ,5.042 ,-0.478 
391,7,TW101,1.539 ,0.187 ,0.064 ,3.000 ,Intermediate,16.000 ,5.750 ,5.401 ,-1.037 ,1.845 ,-1.070 ,4.631 ,-0.374 ,5.119 ,-0.401 
392,7,TW102,1.977 ,0.296 ,0.173 ,2.000 ,Basic,16.000 ,5.750 ,5.401 ,-1.037 ,1.845 ,-1.070 ,4.631 ,-0.374 ,5.119 ,-0.401 
393,7,TW103,NA,NA,NA,3.000 ,Intermediate,16.000 ,5.750 ,5.401 ,-1.037 ,1.845 ,-1.070 ,4.631 ,-0.374 ,5.119 ,-0.401 
394,7,TW104,2.182 ,0.339 ,0.216 ,3.000 ,Intermediate,16.000 ,5.750 ,5.401 ,-1.037 ,1.845 ,-1.070 ,4.631 ,-0.374 ,5.119 ,-0.401 
395,7,TW105,1.882 ,0.275 ,0.152 ,4.000 ,Intermediate,16.000 ,5.750 ,5.401 ,-1.037 ,1.845 ,-1.070 ,4.631 ,-0.374 ,5.119 ,-0.401 
396,7,TW106,NA,NA,NA,3.000 ,Intermediate,16.000 ,5.750 ,5.401 ,-1.037 ,1.845 ,-1.070 ,4.631 ,-0.374 ,5.119 ,-0.401 
397,7,TW107,NA,NA,NA,3.000 ,Intermediate,16.000 ,5.750 ,5.401 ,-1.037 ,1.845 ,-1.070 ,4.631 ,-0.374 ,5.119 ,-0.401 
398,7,TW108,NA,NA,NA,3.000 ,Intermediate,16.000 ,5.750 ,5.401 ,-1.037 ,1.845 ,-1.070 ,4.631 ,-0.374 ,5.119 ,-0.401 
399,7,TW109,3.670 ,0.565 ,0.442 ,2.000 ,Basic,16.000 ,5.750 ,5.401 ,-1.037 ,1.845 ,-1.070 ,4.631 ,-0.374 ,5.119 ,-0.401 
400,7,TW110,2.767 ,0.442 ,0.319 ,3.000 ,Intermediate,16.000 ,5.750 ,5.401 ,-1.037 ,1.845 ,-1.070 ,4.631 ,-0.374 ,5.119 ,-0.401 
401,7,TW111,3.044 ,0.483 ,0.360 ,3.000 ,Intermediate,16.000 ,5.750 ,5.401 ,-1.037 ,1.845 ,-1.070 ,4.631 ,-0.374 ,5.119 ,-0.401 
402,7,TW113,4.736 ,0.675 ,0.552 ,3.000 ,Intermediate,16.000 ,5.750 ,5.401 ,-1.037 ,1.845 ,-1.070 ,4.631 ,-0.374 ,5.119 ,-0.401 
403,7,TW114,2.083 ,0.319 ,0.196 ,4.000 ,Intermediate,16.000 ,5.750 ,5.401 ,-1.037 ,1.845 ,-1.070 ,4.631 ,-0.374 ,5.119 ,-0.401 
404,7,TW115,8.505 ,0.930 ,0.807 ,2.000 ,Basic,16.000 ,5.750 ,5.401 ,-1.037 ,1.845 ,-1.070 ,4.631 ,-0.374 ,5.119 ,-0.401 
405,7,TW116,2.364 ,0.374 ,0.251 ,4.000 ,Intermediate,16.000 ,5.750 ,5.401 ,-1.037 ,1.845 ,-1.070 ,4.631 ,-0.374 ,5.119 ,-0.401 
406,7,TW117,2.430 ,0.386 ,0.263 ,3.000 ,Intermediate,16.000 ,5.750 ,5.401 ,-1.037 ,1.845 ,-1.070 ,4.631 ,-0.374 ,5.119 ,-0.401 
407,7,TW118,5.840 ,0.766 ,0.643 ,2.000 ,Basic,16.000 ,5.750 ,5.401 ,-1.037 ,1.845 ,-1.070 ,4.631 ,-0.374 ,5.119 ,-0.401 
408,7,TW119,1.804 ,0.256 ,0.133 ,4.000 ,Intermediate,16.000 ,5.750 ,5.401 ,-1.037 ,1.845 ,-1.070 ,4.631 ,-0.374 ,5.119 ,-0.401 
409,7,TW120,6.549 ,0.816 ,0.693 ,2.000 ,Basic,16.000 ,5.750 ,5.401 ,-1.037 ,1.845 ,-1.070 ,4.631 ,-0.374 ,5.119 ,-0.401 
410,7,TW121,2.220 ,0.346 ,0.223 ,3.000 ,Intermediate,16.000 ,5.750 ,5.401 ,-1.037 ,1.845 ,-1.070 ,4.631 ,-0.374 ,5.119 ,-0.401 
411,7,TW122,3.690 ,0.567 ,0.444 ,2.000 ,Basic,16.000 ,5.750 ,5.401 ,-1.037 ,1.845 ,-1.070 ,4.631 ,-0.374 ,5.119 ,-0.401 
412,7,TW123,NA,NA,NA,3.000 ,Intermediate,16.000 ,5.750 ,5.401 ,-1.037 ,1.845 ,-1.070 ,4.631 ,-0.374 ,5.119 ,-0.401 
413,7,TW124,2.230 ,0.348 ,0.225 ,3.000 ,Intermediate,16.000 ,5.750 ,5.401 ,-1.037 ,1.845 ,-1.070 ,4.631 ,-0.374 ,5.119 ,-0.401 
414,7,TW125,2.095 ,0.321 ,0.198 ,3.000 ,Intermediate,16.000 ,5.750 ,5.401 ,-1.037 ,1.845 ,-1.070 ,4.631 ,-0.374 ,5.119 ,-0.401 
415,7,TW126,2.660 ,0.425 ,0.302 ,3.000 ,Intermediate,16.000 ,5.750 ,5.401 ,-1.037 ,1.845 ,-1.070 ,4.631 ,-0.374 ,5.119 ,-0.401 
416,7,TW127,2.726 ,0.436 ,0.313 ,3.000 ,Intermediate,16.000 ,5.750 ,5.401 ,-1.037 ,1.845 ,-1.070 ,4.631 ,-0.374 ,5.119 ,-0.401 
417,7,TW128,1.850 ,0.267 ,0.144 ,3.000 ,Intermediate,16.000 ,5.750 ,5.401 ,-1.037 ,1.845 ,-1.070 ,4.631 ,-0.374 ,5.119 ,-0.401 
418,7,TW129,2.056 ,0.313 ,0.190 ,2.000 ,Basic,16.000 ,5.750 ,5.401 ,-1.037 ,1.845 ,-1.070 ,4.631 ,-0.374 ,5.119 ,-0.401 
419,7,TW130,2.593 ,0.414 ,0.291 ,4.000 ,Intermediate,16.000 ,5.750 ,5.401 ,-1.037 ,1.845 ,-1.070 ,4.631 ,-0.374 ,5.119 ,-0.401 
420,7,TW131,2.983 ,0.475 ,0.352 ,4.000 ,Intermediate,16.000 ,5.750 ,5.401 ,-1.037 ,1.845 ,-1.070 ,4.631 ,-0.374 ,5.119 ,-0.401 
421,7,TW132,NA,NA,NA,3.000 ,Intermediate,16.000 ,5.750 ,5.401 ,-1.037 ,1.845 ,-1.070 ,4.631 ,-0.374 ,5.119 ,-0.401 
422,7,TW133,2.599 ,0.415 ,0.292 ,4.000 ,Intermediate,16.000 ,5.750 ,5.401 ,-1.037 ,1.845 ,-1.070 ,4.631 ,-0.374 ,5.119 ,-0.401 
423,7,TW134,4.975 ,0.697 ,0.574 ,2.000 ,Basic,16.000 ,5.750 ,5.401 ,-1.037 ,1.845 ,-1.070 ,4.631 ,-0.374 ,5.119 ,-0.401 
424,7,TW135,4.022 ,0.604 ,0.481 ,3.000 ,Intermediate,16.000 ,5.750 ,5.401 ,-1.037 ,1.845 ,-1.070 ,4.631 ,-0.374 ,5.119 ,-0.401 
425,7,TW136,1.833 ,0.263 ,0.140 ,4.000 ,Intermediate,16.000 ,5.750 ,5.401 ,-1.037 ,1.845 ,-1.070 ,4.631 ,-0.374 ,5.119 ,-0.401 
426,7,TW137,3.767 ,0.576 ,0.453 ,3.000 ,Intermediate,16.000 ,5.750 ,5.401 ,-1.037 ,1.845 ,-1.070 ,4.631 ,-0.374 ,5.119 ,-0.401 
427,7,TW138,6.069 ,0.783 ,0.660 ,2.000 ,Basic,16.000 ,5.750 ,5.401 ,-1.037 ,1.845 ,-1.070 ,4.631 ,-0.374 ,5.119 ,-0.401 
428,7,TW139,4.505 ,0.654 ,0.531 ,1.000 ,Basic,16.000 ,5.750 ,5.401 ,-1.037 ,1.845 ,-1.070 ,4.631 ,-0.374 ,5.119 ,-0.401 
429,7,TW140,2.104 ,0.323 ,0.200 ,3.000 ,Intermediate,16.000 ,5.750 ,5.401 ,-1.037 ,1.845 ,-1.070 ,4.631 ,-0.374 ,5.119 ,-0.401 
430,7,TW141,1.455 ,0.163 ,0.040 ,4.000 ,Intermediate,16.000 ,5.750 ,5.401 ,-1.037 ,1.845 ,-1.070 ,4.631 ,-0.374 ,5.119 ,-0.401 
431,7,TW142,2.589 ,0.413 ,0.290 ,3.000 ,Intermediate,16.000 ,5.750 ,5.401 ,-1.037 ,1.845 ,-1.070 ,4.631 ,-0.374 ,5.119 ,-0.401 
432,7,TW143,2.050 ,0.312 ,0.189 ,3.000 ,Intermediate,16.000 ,5.750 ,5.401 ,-1.037 ,1.845 ,-1.070 ,4.631 ,-0.374 ,5.119 ,-0.401 
433,7,TW144,1.788 ,0.252 ,0.129 ,4.000 ,Intermediate,16.000 ,5.750 ,5.401 ,-1.037 ,1.845 ,-1.070 ,4.631 ,-0.374 ,5.119 ,-0.401 
434,7,TW145,NA,NA,NA,1.000 ,Basic,16.000 ,5.750 ,5.401 ,-1.037 ,1.845 ,-1.070 ,4.631 ,-0.374 ,5.119 ,-0.401 
435,7,TW146,NA,NA,NA,2.000 ,Basic,16.000 ,5.750 ,5.401 ,-1.037 ,1.845 ,-1.070 ,4.631 ,-0.374 ,5.119 ,-0.401 
436,7,TW147,2.331 ,0.368 ,0.245 ,3.000 ,Intermediate,16.000 ,5.750 ,5.401 ,-1.037 ,1.845 ,-1.070 ,4.631 ,-0.374 ,5.119 ,-0.401 
437,7,TW148,2.680 ,0.428 ,0.305 ,3.000 ,Intermediate,16.000 ,5.750 ,5.401 ,-1.037 ,1.845 ,-1.070 ,4.631 ,-0.374 ,5.119 ,-0.401 
438,7,TW149,1.607 ,0.206 ,0.083 ,4.000 ,Intermediate,16.000 ,5.750 ,5.401 ,-1.037 ,1.845 ,-1.070 ,4.631 ,-0.374 ,5.119 ,-0.401 
439,7,TW150,2.625 ,0.419 ,0.296 ,3.000 ,Intermediate,16.000 ,5.750 ,5.401 ,-1.037 ,1.845 ,-1.070 ,4.631 ,-0.374 ,5.119 ,-0.401 
440,7,TW151,2.947 ,0.469 ,0.346 ,3.000 ,Intermediate,16.000 ,5.750 ,5.401 ,-1.037 ,1.845 ,-1.070 ,4.631 ,-0.374 ,5.119 ,-0.401 
441,7,TW152,NA,NA,NA,1.000 ,Basic,16.000 ,5.750 ,5.401 ,-1.037 ,1.845 ,-1.070 ,4.631 ,-0.374 ,5.119 ,-0.401 
442,7,TW153,4.639 ,0.666 ,0.543 ,3.000 ,Intermediate,16.000 ,5.750 ,5.401 ,-1.037 ,1.845 ,-1.070 ,4.631 ,-0.374 ,5.119 ,-0.401 
443,7,TW154,3.552 ,0.550 ,0.427 ,2.000 ,Basic,16.000 ,5.750 ,5.401 ,-1.037 ,1.845 ,-1.070 ,4.631 ,-0.374 ,5.119 ,-0.401 
444,7,TW155,3.459 ,0.539 ,0.416 ,3.000 ,Intermediate,16.000 ,5.750 ,5.401 ,-1.037 ,1.845 ,-1.070 ,4.631 ,-0.374 ,5.119 ,-0.401 
445,7,TW156,1.673 ,0.223 ,0.100 ,4.000 ,Intermediate,16.000 ,5.750 ,5.401 ,-1.037 ,1.845 ,-1.070 ,4.631 ,-0.374 ,5.119 ,-0.401 
446,7,TW157,3.623 ,0.559 ,0.436 ,3.000 ,Intermediate,16.000 ,5.750 ,5.401 ,-1.037 ,1.845 ,-1.070 ,4.631 ,-0.374 ,5.119 ,-0.401 
447,7,TW158,1.538 ,0.187 ,0.064 ,4.000 ,Intermediate,16.000 ,5.750 ,5.401 ,-1.037 ,1.845 ,-1.070 ,4.631 ,-0.374 ,5.119 ,-0.401 
448,7,TW159,1.504 ,0.177 ,0.054 ,4.000 ,Intermediate,16.000 ,5.750 ,5.401 ,-1.037 ,1.845 ,-1.070 ,4.631 ,-0.374 ,5.119 ,-0.401 
449,7,TW160,NA,NA,NA,2.000 ,Basic,16.000 ,5.750 ,5.401 ,-1.037 ,1.845 ,-1.070 ,4.631 ,-0.374 ,5.119 ,-0.401 
450,7,TW161,1.960 ,0.292 ,0.169 ,3.000 ,Intermediate,16.000 ,5.750 ,5.401 ,-1.037 ,1.845 ,-1.070 ,4.631 ,-0.374 ,5.119 ,-0.401 
451,7,TW162,NA,NA,NA,2.000 ,Basic,16.000 ,5.750 ,5.401 ,-1.037 ,1.845 ,-1.070 ,4.631 ,-0.374 ,5.119 ,-0.401 
452,7,TW163,2.462 ,0.391 ,0.268 ,3.000 ,Intermediate,16.000 ,5.750 ,5.401 ,-1.037 ,1.845 ,-1.070 ,4.631 ,-0.374 ,5.119 ,-0.401 
453,7,TW164,NA,NA,NA,1.000 ,Basic,16.000 ,5.750 ,5.401 ,-1.037 ,1.845 ,-1.070 ,4.631 ,-0.374 ,5.119 ,-0.401 
454,7,TW165,4.995 ,0.699 ,0.576 ,1.000 ,Basic,16.000 ,5.750 ,5.401 ,-1.037 ,1.845 ,-1.070 ,4.631 ,-0.374 ,5.119 ,-0.401 
455,7,TW166,NA,NA,NA,2.000 ,Basic,16.000 ,5.750 ,5.401 ,-1.037 ,1.845 ,-1.070 ,4.631 ,-0.374 ,5.119 ,-0.401 
456,8,TW101,1.217 ,0.085 ,-0.038 ,3.000 ,Intermediate,14.000 ,3.750 ,3.900 ,-2.538 ,2.613 ,-0.302 ,4.871 ,-0.134 ,5.827 ,0.307 
457,8,TW102,1.147 ,0.060 ,-0.063 ,2.000 ,Basic,14.000 ,3.750 ,3.900 ,-2.538 ,2.613 ,-0.302 ,4.871 ,-0.134 ,5.827 ,0.307 
458,8,TW103,1.252 ,0.098 ,-0.025 ,3.000 ,Intermediate,14.000 ,3.750 ,3.900 ,-2.538 ,2.613 ,-0.302 ,4.871 ,-0.134 ,5.827 ,0.307 
459,8,TW104,1.110 ,0.045 ,-0.078 ,3.000 ,Intermediate,14.000 ,3.750 ,3.900 ,-2.538 ,2.613 ,-0.302 ,4.871 ,-0.134 ,5.827 ,0.307 
460,8,TW105,1.142 ,0.058 ,-0.065 ,4.000 ,Intermediate,14.000 ,3.750 ,3.900 ,-2.538 ,2.613 ,-0.302 ,4.871 ,-0.134 ,5.827 ,0.307 
461,8,TW106,1.887 ,0.276 ,0.153 ,3.000 ,Intermediate,14.000 ,3.750 ,3.900 ,-2.538 ,2.613 ,-0.302 ,4.871 ,-0.134 ,5.827 ,0.307 
462,8,TW107,2.832 ,0.452 ,0.329 ,3.000 ,Intermediate,14.000 ,3.750 ,3.900 ,-2.538 ,2.613 ,-0.302 ,4.871 ,-0.134 ,5.827 ,0.307 
463,8,TW108,1.644 ,0.216 ,0.093 ,3.000 ,Intermediate,14.000 ,3.750 ,3.900 ,-2.538 ,2.613 ,-0.302 ,4.871 ,-0.134 ,5.827 ,0.307 
464,8,TW109,2.224 ,0.347 ,0.224 ,2.000 ,Basic,14.000 ,3.750 ,3.900 ,-2.538 ,2.613 ,-0.302 ,4.871 ,-0.134 ,5.827 ,0.307 
465,8,TW110,1.197 ,0.078 ,-0.045 ,3.000 ,Intermediate,14.000 ,3.750 ,3.900 ,-2.538 ,2.613 ,-0.302 ,4.871 ,-0.134 ,5.827 ,0.307 
466,8,TW111,1.448 ,0.161 ,0.038 ,3.000 ,Intermediate,14.000 ,3.750 ,3.900 ,-2.538 ,2.613 ,-0.302 ,4.871 ,-0.134 ,5.827 ,0.307 
467,8,TW113,1.346 ,0.129 ,0.006 ,3.000 ,Intermediate,14.000 ,3.750 ,3.900 ,-2.538 ,2.613 ,-0.302 ,4.871 ,-0.134 ,5.827 ,0.307 
468,8,TW114,1.405 ,0.148 ,0.025 ,4.000 ,Intermediate,14.000 ,3.750 ,3.900 ,-2.538 ,2.613 ,-0.302 ,4.871 ,-0.134 ,5.827 ,0.307 
469,8,TW115,2.520 ,0.401 ,0.278 ,2.000 ,Basic,14.000 ,3.750 ,3.900 ,-2.538 ,2.613 ,-0.302 ,4.871 ,-0.134 ,5.827 ,0.307 
470,8,TW116,1.485 ,0.172 ,0.049 ,4.000 ,Intermediate,14.000 ,3.750 ,3.900 ,-2.538 ,2.613 ,-0.302 ,4.871 ,-0.134 ,5.827 ,0.307 
471,8,TW117,1.268 ,0.103 ,-0.020 ,3.000 ,Intermediate,14.000 ,3.750 ,3.900 ,-2.538 ,2.613 ,-0.302 ,4.871 ,-0.134 ,5.827 ,0.307 
472,8,TW118,2.233 ,0.349 ,0.226 ,2.000 ,Basic,14.000 ,3.750 ,3.900 ,-2.538 ,2.613 ,-0.302 ,4.871 ,-0.134 ,5.827 ,0.307 
473,8,TW119,1.200 ,0.079 ,-0.044 ,4.000 ,Intermediate,14.000 ,3.750 ,3.900 ,-2.538 ,2.613 ,-0.302 ,4.871 ,-0.134 ,5.827 ,0.307 
474,8,TW120,3.380 ,0.529 ,0.406 ,2.000 ,Basic,14.000 ,3.750 ,3.900 ,-2.538 ,2.613 ,-0.302 ,4.871 ,-0.134 ,5.827 ,0.307 
475,8,TW121,1.349 ,0.130 ,0.007 ,3.000 ,Intermediate,14.000 ,3.750 ,3.900 ,-2.538 ,2.613 ,-0.302 ,4.871 ,-0.134 ,5.827 ,0.307 
476,8,TW122,3.046 ,0.484 ,0.361 ,2.000 ,Basic,14.000 ,3.750 ,3.900 ,-2.538 ,2.613 ,-0.302 ,4.871 ,-0.134 ,5.827 ,0.307 
477,8,TW123,1.696 ,0.229 ,0.106 ,3.000 ,Intermediate,14.000 ,3.750 ,3.900 ,-2.538 ,2.613 ,-0.302 ,4.871 ,-0.134 ,5.827 ,0.307 
478,8,TW124,1.513 ,0.180 ,0.057 ,3.000 ,Intermediate,14.000 ,3.750 ,3.900 ,-2.538 ,2.613 ,-0.302 ,4.871 ,-0.134 ,5.827 ,0.307 
479,8,TW125,1.390 ,0.143 ,0.020 ,3.000 ,Intermediate,14.000 ,3.750 ,3.900 ,-2.538 ,2.613 ,-0.302 ,4.871 ,-0.134 ,5.827 ,0.307 
480,8,TW126,1.229 ,0.090 ,-0.033 ,3.000 ,Intermediate,14.000 ,3.750 ,3.900 ,-2.538 ,2.613 ,-0.302 ,4.871 ,-0.134 ,5.827 ,0.307 
481,8,TW127,1.240 ,0.093 ,-0.030 ,3.000 ,Intermediate,14.000 ,3.750 ,3.900 ,-2.538 ,2.613 ,-0.302 ,4.871 ,-0.134 ,5.827 ,0.307 
482,8,TW128,1.163 ,0.066 ,-0.057 ,3.000 ,Intermediate,14.000 ,3.750 ,3.900 ,-2.538 ,2.613 ,-0.302 ,4.871 ,-0.134 ,5.827 ,0.307 
483,8,TW129,1.917 ,0.283 ,0.160 ,2.000 ,Basic,14.000 ,3.750 ,3.900 ,-2.538 ,2.613 ,-0.302 ,4.871 ,-0.134 ,5.827 ,0.307 
484,8,TW130,1.127 ,0.052 ,-0.071 ,4.000 ,Intermediate,14.000 ,3.750 ,3.900 ,-2.538 ,2.613 ,-0.302 ,4.871 ,-0.134 ,5.827 ,0.307 
485,8,TW131,2.125 ,0.327 ,0.204 ,4.000 ,Intermediate,14.000 ,3.750 ,3.900 ,-2.538 ,2.613 ,-0.302 ,4.871 ,-0.134 ,5.827 ,0.307 
486,8,TW132,1.532 ,0.185 ,0.062 ,3.000 ,Intermediate,14.000 ,3.750 ,3.900 ,-2.538 ,2.613 ,-0.302 ,4.871 ,-0.134 ,5.827 ,0.307 
487,8,TW133,1.776 ,0.249 ,0.126 ,4.000 ,Intermediate,14.000 ,3.750 ,3.900 ,-2.538 ,2.613 ,-0.302 ,4.871 ,-0.134 ,5.827 ,0.307 
488,8,TW134,NA,NA,NA,2.000 ,Basic,14.000 ,3.750 ,3.900 ,-2.538 ,2.613 ,-0.302 ,4.871 ,-0.134 ,5.827 ,0.307 
489,8,TW135,1.299 ,0.114 ,-0.009 ,3.000 ,Intermediate,14.000 ,3.750 ,3.900 ,-2.538 ,2.613 ,-0.302 ,4.871 ,-0.134 ,5.827 ,0.307 
490,8,TW136,1.023 ,0.010 ,-0.113 ,4.000 ,Intermediate,14.000 ,3.750 ,3.900 ,-2.538 ,2.613 ,-0.302 ,4.871 ,-0.134 ,5.827 ,0.307 
491,8,TW137,1.093 ,0.039 ,-0.084 ,3.000 ,Intermediate,14.000 ,3.750 ,3.900 ,-2.538 ,2.613 ,-0.302 ,4.871 ,-0.134 ,5.827 ,0.307 
492,8,TW138,2.412 ,0.382 ,0.259 ,2.000 ,Basic,14.000 ,3.750 ,3.900 ,-2.538 ,2.613 ,-0.302 ,4.871 ,-0.134 ,5.827 ,0.307 
493,8,TW139,NA,NA,NA,1.000 ,Basic,14.000 ,3.750 ,3.900 ,-2.538 ,2.613 ,-0.302 ,4.871 ,-0.134 ,5.827 ,0.307 
494,8,TW140,1.120 ,0.049 ,-0.074 ,3.000 ,Intermediate,14.000 ,3.750 ,3.900 ,-2.538 ,2.613 ,-0.302 ,4.871 ,-0.134 ,5.827 ,0.307 
495,8,TW141,0.975 ,-0.011 ,-0.134 ,4.000 ,Intermediate,14.000 ,3.750 ,3.900 ,-2.538 ,2.613 ,-0.302 ,4.871 ,-0.134 ,5.827 ,0.307 
496,8,TW142,3.225 ,0.509 ,0.386 ,3.000 ,Intermediate,14.000 ,3.750 ,3.900 ,-2.538 ,2.613 ,-0.302 ,4.871 ,-0.134 ,5.827 ,0.307 
497,8,TW143,NA,NA,NA,3.000 ,Intermediate,14.000 ,3.750 ,3.900 ,-2.538 ,2.613 ,-0.302 ,4.871 ,-0.134 ,5.827 ,0.307 
498,8,TW144,1.170 ,0.068 ,-0.055 ,4.000 ,Intermediate,14.000 ,3.750 ,3.900 ,-2.538 ,2.613 ,-0.302 ,4.871 ,-0.134 ,5.827 ,0.307 
499,8,TW145,1.893 ,0.277 ,0.154 ,1.000 ,Basic,14.000 ,3.750 ,3.900 ,-2.538 ,2.613 ,-0.302 ,4.871 ,-0.134 ,5.827 ,0.307 
500,8,TW146,1.636 ,0.214 ,0.091 ,2.000 ,Basic,14.000 ,3.750 ,3.900 ,-2.538 ,2.613 ,-0.302 ,4.871 ,-0.134 ,5.827 ,0.307 
501,8,TW147,1.279 ,0.107 ,-0.016 ,3.000 ,Intermediate,14.000 ,3.750 ,3.900 ,-2.538 ,2.613 ,-0.302 ,4.871 ,-0.134 ,5.827 ,0.307 
502,8,TW148,1.333 ,0.125 ,0.002 ,3.000 ,Intermediate,14.000 ,3.750 ,3.900 ,-2.538 ,2.613 ,-0.302 ,4.871 ,-0.134 ,5.827 ,0.307 
503,8,TW149,1.148 ,0.060 ,-0.063 ,4.000 ,Intermediate,14.000 ,3.750 ,3.900 ,-2.538 ,2.613 ,-0.302 ,4.871 ,-0.134 ,5.827 ,0.307 
504,8,TW150,1.520 ,0.182 ,0.059 ,3.000 ,Intermediate,14.000 ,3.750 ,3.900 ,-2.538 ,2.613 ,-0.302 ,4.871 ,-0.134 ,5.827 ,0.307 
505,8,TW151,2.424 ,0.385 ,0.262 ,3.000 ,Intermediate,14.000 ,3.750 ,3.900 ,-2.538 ,2.613 ,-0.302 ,4.871 ,-0.134 ,5.827 ,0.307 
506,8,TW152,2.052 ,0.312 ,0.189 ,1.000 ,Basic,14.000 ,3.750 ,3.900 ,-2.538 ,2.613 ,-0.302 ,4.871 ,-0.134 ,5.827 ,0.307 
507,8,TW153,3.796 ,0.579 ,0.456 ,3.000 ,Intermediate,14.000 ,3.750 ,3.900 ,-2.538 ,2.613 ,-0.302 ,4.871 ,-0.134 ,5.827 ,0.307 
508,8,TW154,1.528 ,0.184 ,0.061 ,2.000 ,Basic,14.000 ,3.750 ,3.900 ,-2.538 ,2.613 ,-0.302 ,4.871 ,-0.134 ,5.827 ,0.307 
509,8,TW155,1.615 ,0.208 ,0.085 ,3.000 ,Intermediate,14.000 ,3.750 ,3.900 ,-2.538 ,2.613 ,-0.302 ,4.871 ,-0.134 ,5.827 ,0.307 
510,8,TW156,1.083 ,0.035 ,-0.088 ,4.000 ,Intermediate,14.000 ,3.750 ,3.900 ,-2.538 ,2.613 ,-0.302 ,4.871 ,-0.134 ,5.827 ,0.307 
511,8,TW157,1.691 ,0.228 ,0.105 ,3.000 ,Intermediate,14.000 ,3.750 ,3.900 ,-2.538 ,2.613 ,-0.302 ,4.871 ,-0.134 ,5.827 ,0.307 
512,8,TW158,1.191 ,0.076 ,-0.047 ,4.000 ,Intermediate,14.000 ,3.750 ,3.900 ,-2.538 ,2.613 ,-0.302 ,4.871 ,-0.134 ,5.827 ,0.307 
513,8,TW159,0.908 ,-0.042 ,-0.165 ,4.000 ,Intermediate,14.000 ,3.750 ,3.900 ,-2.538 ,2.613 ,-0.302 ,4.871 ,-0.134 ,5.827 ,0.307 
514,8,TW160,2.172 ,0.337 ,0.214 ,2.000 ,Basic,14.000 ,3.750 ,3.900 ,-2.538 ,2.613 ,-0.302 ,4.871 ,-0.134 ,5.827 ,0.307 
515,8,TW161,1.917 ,0.283 ,0.160 ,3.000 ,Intermediate,14.000 ,3.750 ,3.900 ,-2.538 ,2.613 ,-0.302 ,4.871 ,-0.134 ,5.827 ,0.307 
516,8,TW162,2.004 ,0.302 ,0.179 ,2.000 ,Basic,14.000 ,3.750 ,3.900 ,-2.538 ,2.613 ,-0.302 ,4.871 ,-0.134 ,5.827 ,0.307 
517,8,TW163,1.469 ,0.167 ,0.044 ,3.000 ,Intermediate,14.000 ,3.750 ,3.900 ,-2.538 ,2.613 ,-0.302 ,4.871 ,-0.134 ,5.827 ,0.307 
518,8,TW164,NA,NA,NA,1.000 ,Basic,14.000 ,3.750 ,3.900 ,-2.538 ,2.613 ,-0.302 ,4.871 ,-0.134 ,5.827 ,0.307 
519,8,TW165,2.627 ,0.419 ,0.296 ,1.000 ,Basic,14.000 ,3.750 ,3.900 ,-2.538 ,2.613 ,-0.302 ,4.871 ,-0.134 ,5.827 ,0.307 
520,8,TW166,NA,NA,NA,2.000 ,Basic,14.000 ,3.750 ,3.900 ,-2.538 ,2.613 ,-0.302 ,4.871 ,-0.134 ,5.827 ,0.307 